condition,question_index,n,correct,accuracy
coref_destroyed,1,10,9,0.9
coref_destroyed,2,10,9,0.9
coref_destroyed,3,10,9,0.9
coref_destroyed,4,10,9,0.9
coref_destroyed,5,10,10,1.0
coref_destroyed,6,10,9,0.9
original,1,10,10,1.0
original,2,10,10,1.0
original,3,10,10,1.0
original,4,10,10,1.0
original,5,10,10,1.0
original,6,10,10,1.0
singleton_destroyed,1,10,10,1.0
singleton_destroyed,2,10,7,0.7
singleton_destroyed,3,10,9,0.9
singleton_destroyed,4,10,9,0.9
singleton_destroyed,5,10,9,0.9
singleton_destroyed,6,10,10,1.0
