condition,story_index,n,correct,accuracy
coref_destroyed,1,6,6,1.0
coref_destroyed,2,6,6,1.0
coref_destroyed,3,6,6,1.0
coref_destroyed,4,6,6,1.0
coref_destroyed,5,6,5,0.8333333333333334
coref_destroyed,6,6,4,0.6666666666666666
coref_destroyed,7,6,5,0.8333333333333334
coref_destroyed,8,6,6,1.0
coref_destroyed,9,6,6,1.0
coref_destroyed,10,6,5,0.8333333333333334
original,1,6,6,1.0
original,2,6,6,1.0
original,3,6,6,1.0
original,4,6,6,1.0
original,5,6,6,1.0
original,6,6,6,1.0
original,7,6,6,1.0
original,8,6,6,1.0
original,9,6,6,1.0
original,10,6,6,1.0
singleton_destroyed,1,6,5,0.8333333333333334
singleton_destroyed,2,6,5,0.8333333333333334
singleton_destroyed,3,6,5,0.8333333333333334
singleton_destroyed,4,6,6,1.0
singleton_destroyed,5,6,5,0.8333333333333334
singleton_destroyed,6,6,5,0.8333333333333334
singleton_destroyed,7,6,6,1.0
singleton_destroyed,8,6,6,1.0
singleton_destroyed,9,6,6,1.0
singleton_destroyed,10,6,5,0.8333333333333334
