story	token_index	word_index	token	pronoun_replacement
0	0	0	There	NA
0	1	1	are	NA
0	2	2	now	NA
0	3	3	rumblings	NA
0	4	3	rumblings	NA
0	5	3	rumblings	NA
0	6	4	that	NA
0	7	5	Apple	NA
0	8	6	might	NA
0	9	7	soon	NA
0	10	8	invade	NA
0	11	9	the	it,
0	12	10	smart	it,
0	13	11	watch	it,
0	14	12	space,	it,
0	15	12	space,	it,
0	16	13	though	NA
0	17	14	the	NA
0	18	15	company	NA
0	19	16	is	NA
0	20	17	maintaining	NA
0	21	18	its	its.
0	22	19	customary	its.
0	23	20	silence.	its.
0	24	20	silence.	its.
0	25	21	The	NA
0	26	22	watch	NA
0	27	23	doesn't	NA
0	28	23	doesn't	NA
0	29	24	have	NA
0	30	25	a	it
0	31	26	microphone	it
0	32	27	or	NA
0	33	28	speaker,	it,
0	34	28	speaker,	it,
0	35	29	but	NA
0	36	30	you	NA
0	37	31	can	NA
0	38	32	use	NA
0	39	33	it	NA
0	40	34	to	NA
0	41	35	control	NA
0	42	36	the	it.
0	43	37	music	it.
0	44	38	on	it.
0	45	39	your	it.
0	46	40	phone.	it.
0	47	40	phone.	it.
0	48	41	You	NA
0	49	42	can	NA
0	50	43	glance	NA
0	51	44	at	NA
0	52	45	the	it
0	53	46	watch	it
0	54	47	face	it
0	55	48	to	NA
0	56	49	view	NA
0	57	50	the	its
0	58	51	artist	its
0	59	52	and	NA
0	60	53	title	its.
0	61	54	of	its.
0	62	55	a	its.
0	63	56	song.	its.
0	64	56	song.	its.
1	0	0	Two	It
1	1	1	days	It
1	2	2	later,	NA
1	3	2	later,	NA
1	4	3	the	NA
1	5	4	British	NA
1	6	5	astronomer	NA
1	7	6	Richard	NA
1	8	7	Carrington	NA
1	9	7	Carrington	NA
1	10	8	was	NA
1	11	9	observing	NA
1	12	10	the	NA
1	13	11	interesting	NA
1	14	12	sunspot	NA
1	15	12	sunspot	NA
1	16	13	group	NA
1	17	14	through	NA
1	18	15	his	it
1	19	16	telescope	it
1	20	17	when	NA
1	21	18	he	NA
1	22	19	saw	NA
1	23	20	what	NA
1	24	21	he	NA
1	25	22	described	NA
1	26	23	as	NA
1	27	24	"two	"them"
1	28	24	"two	"them"
1	29	25	patches	"them"
1	30	26	of	"them"
1	31	27	intensely	"them"
1	32	28	bright	"them"
1	33	29	and	"them"
1	34	30	white	"them"
1	35	31	light"	"them"
1	36	31	light"	"them"
1	37	32	over	NA
1	38	33	the	NA
1	39	34	sunspots.	NA
1	40	34	sunspots.	NA
1	41	34	sunspots.	NA
1	42	34	sunspots.	NA
1	43	35	He	NA
1	44	36	jotted	NA
1	45	36	jotted	NA
1	46	37	a	it
1	47	38	note	it
1	48	39	in	NA
1	49	40	his	his.
1	50	41	painstaking	his.
1	51	42	record.	his.
1	52	42	record.	his.
1	53	43	That	It
1	54	44	night	It
1	55	45	there	NA
1	56	46	was	NA
1	57	47	scarcely	NA
1	58	48	a	it.
1	59	49	square	it.
1	60	50	inch	it.
1	61	51	of	it.
1	62	52	earth	it.
1	63	53	that	it.
1	64	54	was	it.
1	65	55	not	it.
1	66	56	illuminated	it.
1	67	57	by	it.
1	68	58	aurora.	it.
1	69	58	aurora.	it.
1	70	58	aurora.	it.
2	0	0	I	NA
2	1	1	agree	NA
2	2	2	that	NA
2	3	3	California's	NA
2	4	3	California's	NA
2	5	4	"three	NA
2	6	4	"three	NA
2	7	5	strikes	NA
2	8	6	and	NA
2	9	7	you're	NA
2	10	7	you're	NA
2	11	8	out"	NA
2	12	8	out"	NA
2	13	9	law	NA
2	14	10	will	NA
2	15	11	be	NA
2	16	12	a	it
2	17	13	financial	it
2	18	14	disaster	it
2	19	15	for	NA
2	20	16	taxpayers	them.
2	21	17	who	them.
2	22	18	care	them.
2	23	19	about	them.
2	24	20	education	them.
2	25	21	and	them.
2	26	22	other	them.
2	27	23	vital	them.
2	28	24	services.	them.
2	29	24	services.	them.
2	30	25	But	NA
2	31	26	it's	NA
2	32	26	it's	NA
2	33	27	far	NA
2	34	28	from	NA
2	35	29	clear	NA
2	36	30	that	NA
2	37	31	the	NA
2	38	32	law	NA
2	39	33	can	NA
2	40	34	even	NA
2	41	35	be	NA
2	42	36	credited	NA
2	43	37	with	NA
2	44	38	a	it.
2	45	39	reduction	it.
2	46	40	in	it.
2	47	41	crime	it.
2	48	42	in	it.
2	49	43	California.	it.
2	50	43	California.	it.
2	51	44	While	NA
2	52	45	it's	NA
2	53	45	it's	NA
2	54	46	true	NA
2	55	47	that	NA
2	56	48	crime	NA
2	57	49	declined	NA
2	58	50	in	NA
2	59	51	California	NA
2	60	52	last	it,
2	61	53	year,	it,
2	62	53	year,	it,
2	63	54	crime	it
2	64	55	also	NA
2	65	56	dropped	NA
2	66	57	nationwide.	NA
2	67	57	nationwide.	NA
3	0	0	Liza	NA
3	1	0	Liza	NA
3	2	1	was	NA
3	3	2	in	NA
3	4	3	a	NA
3	5	4	bad	NA
3	6	5	temper,	NA
3	7	5	temper,	NA
3	8	6	for	NA
3	9	7	she	NA
3	10	8	was	NA
3	11	9	mixing	NA
3	12	10	the	NA
3	13	11	Christmas	NA
3	14	12	puddings	NA
3	15	12	puddings	NA
3	16	12	puddings	NA
3	17	13	in	NA
3	18	14	the	it,
3	19	15	kitchen,	it,
3	20	15	kitchen,	it,
3	21	16	and	NA
3	22	17	had	NA
3	23	18	been	NA
3	24	19	drawn	NA
3	25	20	from	NA
3	26	21	them,	NA
3	27	21	them,	NA
3	28	22	with	NA
3	29	23	a	NA
3	30	24	raisin	NA
3	31	24	raisin	NA
3	32	25	still	NA
3	33	26	on	NA
3	34	27	her	NA
3	35	28	cheek,	NA
3	36	28	cheek,	NA
3	37	29	by	NA
3	38	30	Nana's	NA
3	39	30	Nana's	NA
3	40	30	Nana's	NA
3	41	31	absurd	NA
3	42	32	suspicions.	NA
3	43	32	suspicions.	NA
3	44	33	She	NA
3	45	34	thought	NA
3	46	35	the	NA
3	47	36	best	NA
3	48	37	way	NA
3	49	38	of	NA
3	50	39	getting	NA
3	51	40	a	NA
3	52	41	little	NA
3	53	42	quiet	NA
3	54	43	was	NA
3	55	44	to	NA
3	56	45	take	NA
3	57	46	Nana	NA
3	58	46	Nana	NA
3	59	47	to	NA
3	60	48	the	it
3	61	49	nursery	it
3	62	50	for	NA
3	63	51	a	NA
3	64	52	moment,	NA
3	65	52	moment,	NA
3	66	53	but	NA
3	67	54	in	NA
3	68	55	custody	NA
3	69	56	of	NA
3	70	57	course.	NA
3	71	57	course.	NA
4	0	0	Mrs.	NA
4	1	0	Mrs.	NA
4	2	1	Darling	NA
4	3	2	quivered	NA
4	4	2	quivered	NA
4	5	3	and	NA
4	6	4	went	NA
4	7	5	to	NA
4	8	6	the	NA
4	9	7	window.	NA
4	10	7	window.	NA
4	11	8	It	NA
4	12	9	was	NA
4	13	10	securely	NA
4	14	11	fastened.	NA
4	15	11	fastened.	NA
4	16	11	fastened.	NA
4	17	12	She	NA
4	18	13	looked	NA
4	19	14	out,	NA
4	20	14	out,	NA
4	21	15	and	NA
4	22	16	the	NA
4	23	17	night	NA
4	24	18	was	NA
4	25	19	peppered	NA
4	26	19	peppered	NA
4	27	20	with	NA
4	28	21	stars.	NA
4	29	21	stars.	NA
4	30	22	They	NA
4	31	23	were	NA
4	32	24	crowding	NA
4	33	24	crowding	NA
4	34	25	round	NA
4	35	26	the	NA
4	36	27	house,	NA
4	37	27	house,	NA
4	38	28	as	NA
4	39	29	if	NA
4	40	30	curious	NA
4	41	31	to	NA
4	42	32	see	NA
4	43	33	what	NA
4	44	34	was	NA
4	45	35	to	NA
4	46	36	take	NA
4	47	37	place	NA
4	48	38	there,	NA
4	49	38	there,	NA
4	50	39	but	NA
4	51	40	she	NA
4	52	41	did	NA
4	53	42	not	NA
4	54	43	notice	NA
4	55	44	this,	NA
4	56	44	this,	NA
4	57	45	nor	NA
4	58	46	that	NA
4	59	47	one	NA
4	60	48	or	NA
4	61	49	two	NA
4	62	50	of	NA
4	63	51	the	them
4	64	52	smaller	them
4	65	53	ones	them
4	66	54	winked	NA
4	67	54	winked	NA
4	68	55	at	NA
4	69	56	her.	NA
4	70	56	her.	NA
5	0	0	Seeing	NA
5	1	1	Peter	NA
5	2	2	slowly	NA
5	3	3	advancing	NA
5	4	4	upon	NA
5	5	5	him	NA
5	6	6	through	NA
5	7	7	the	it
5	8	8	air	it
5	9	9	with	NA
5	10	10	dagger	it
5	11	11	poised,	NA
5	12	11	poised,	NA
5	13	12	he	NA
5	14	13	sprang	NA
5	15	14	upon	NA
5	16	15	the	them
5	17	16	bulwarks	them
5	18	16	bulwarks	them
5	19	16	bulwarks	them
5	20	17	to	NA
5	21	18	cast	NA
5	22	19	himself	NA
5	23	20	into	NA
5	24	21	the	it.
5	25	22	sea.	it.
5	26	22	sea.	it.
5	27	23	He	NA
5	28	24	did	NA
5	29	25	not	NA
5	30	26	know	NA
5	31	27	that	NA
5	32	28	the	it
5	33	29	crocodile	it
5	34	29	crocodile	it
5	35	30	was	NA
5	36	31	waiting	NA
5	37	32	for	NA
5	38	33	him;	NA
5	39	33	him;	NA
5	40	34	for	NA
5	41	35	we	NA
5	42	36	purposely	NA
5	43	37	stopped	NA
5	44	38	the	it
5	45	39	clock	it
5	46	40	that	NA
5	47	41	this	it
5	48	42	knowledge	it
5	49	43	might	NA
5	50	44	be	NA
5	51	45	spared	NA
5	52	46	him:	NA
5	53	46	him:	NA
5	54	47	a	it
5	55	48	little	it
5	56	49	mark	it
5	57	50	of	it
5	58	51	respect	it
5	59	52	from	it
5	60	53	us	it
5	61	54	at	NA
5	62	55	the	NA
5	63	56	end.	NA
5	64	56	end.	NA
6	0	0	Dorothy	NA
6	1	0	Dorothy	NA
6	2	0	Dorothy	NA
6	3	1	didn't	NA
6	4	1	didn't	NA
6	5	2	know.	NA
6	6	2	know.	NA
6	7	3	She	NA
6	8	4	looked	NA
6	9	5	around	NA
6	10	6	her	NA
6	11	7	anxiously	NA
6	12	7	anxiously	NA
6	13	8	for	NA
6	14	9	some	it;
6	15	10	familiar	it;
6	16	11	landmark;	it;
6	17	11	landmark;	it;
6	18	12	but	NA
6	19	13	everything	NA
6	20	14	was	NA
6	21	15	strange.	NA
6	22	15	strange.	NA
6	23	16	Between	NA
6	24	17	the	them
6	25	18	branches	them
6	26	19	of	them
6	27	20	the	them
6	28	21	many	them
6	29	22	roads	them
6	30	23	were	NA
6	31	24	green	them
6	32	25	meadows	them
6	33	25	meadows	them
6	34	26	and	NA
6	35	27	a	them,
6	36	28	few	them,
6	37	29	shrubs	them,
6	38	29	shrubs	them,
6	39	30	and	them,
6	40	31	trees,	them,
6	41	31	trees,	them,
6	42	32	but	NA
6	43	33	she	NA
6	44	34	couldn't	NA
6	45	34	couldn't	NA
6	46	35	see	NA
6	47	36	the	it,
6	48	37	farm-house	it,
6	49	37	farm-house	it,
6	50	37	farm-house	it,
6	51	38	from	it,
6	52	39	which	it,
6	53	40	she	it,
6	54	41	had	it,
6	55	42	just	it,
6	56	43	come,	it,
6	57	43	come,	it,
6	58	44	or	NA
6	59	45	anything	it,
6	60	46	she	it,
6	61	47	had	it,
6	62	48	ever	it,
6	63	49	seen	it,
6	64	50	before,	it,
6	65	50	before,	it,
6	66	51	except	NA
6	67	52	the	him
6	68	53	shaggy	him
6	69	53	shaggy	him
6	70	53	shaggy	him
6	71	54	man	him
6	72	55	and	NA
6	73	56	Toto.	him.
6	74	56	Toto.	him.
6	75	56	Toto.	him.
7	0	0	The	NA
7	1	1	human	NA
7	2	2	body	NA
7	3	3	can	NA
7	4	4	tolerate	NA
7	5	5	only	it,
7	6	6	a	it,
7	7	7	small	it,
7	8	8	range	it,
7	9	9	of	it,
7	10	10	temperature,	it,
7	11	10	temperature,	it,
7	12	11	especially	NA
7	13	12	when	NA
7	14	13	the	NA
7	15	14	person	NA
7	16	15	is	NA
7	17	16	engaged	NA
7	18	17	in	NA
7	19	18	vigorous	it.
7	20	19	activity.	it.
7	21	19	activity.	it.
7	22	20	Heat	They
7	23	21	reactions	They
7	24	22	usually	NA
7	25	23	occur	NA
7	26	24	when	NA
7	27	25	large	they
7	28	26	amounts	they
7	29	27	of	they
7	30	28	water	they
7	31	29	and/or	they
7	32	29	and/or	they
7	33	29	and/or	they
7	34	30	salt	they
7	35	31	are	NA
7	36	32	lost	NA
7	37	33	through	NA
7	38	34	excessive	it
7	39	35	sweating	it
7	40	36	following	NA
7	41	37	strenuous	it.
7	42	37	strenuous	it.
7	43	38	exercise.	it.
7	44	38	exercise.	it.
7	45	39	When	NA
7	46	40	the	NA
7	47	41	body	NA
7	48	42	becomes	NA
7	49	43	overheated	NA
7	50	43	overheated	NA
7	51	44	and	NA
7	52	45	cannot	NA
7	53	46	eliminate	NA
7	54	47	this	it,
7	55	48	excess	it,
7	56	49	heat,	it,
7	57	49	heat,	it,
7	58	50	heat	they
7	59	51	exhaustion	they
7	60	52	and	NA
7	61	53	heat	they
7	62	54	stroke	they
7	63	55	are	NA
7	64	56	possible.	NA
7	65	56	possible.	NA
8	0	0	It	NA
8	1	1	was	NA
8	2	2	a	NA
8	3	3	forbidding	NA
8	4	3	forbidding	NA
8	5	4	challenge,	NA
8	6	4	challenge,	NA
8	7	5	and	NA
8	8	6	it	NA
8	9	7	says	NA
8	10	8	much	NA
8	11	9	for	NA
8	12	10	Winstanley's	them,
8	13	10	Winstanley's	them,
8	14	10	Winstanley's	them,
8	15	10	Winstanley's	them,
8	16	11	persuasive	them,
8	17	12	abilities,	them,
8	18	12	abilities,	them,
8	19	13	not	NA
8	20	14	to	NA
8	21	15	mention	NA
8	22	16	his	it,
8	23	17	self-confidence,	it,
8	24	17	self-confidence,	it,
8	25	17	self-confidence,	it,
8	26	17	self-confidence,	it,
8	27	18	that	NA
8	28	19	the	they
8	29	20	admiralty	they
8	30	20	admiralty	they
8	31	20	admiralty	they
8	32	21	agreed	NA
8	33	22	to	NA
8	34	23	fund	NA
8	35	24	him.	NA
8	36	24	him.	NA
8	37	25	No	It
8	38	26	lighthouse	It
8	39	27	had	NA
8	40	28	ever	NA
8	41	29	been	NA
8	42	30	built	NA
8	43	31	out	NA
8	44	32	to	NA
8	45	33	sea	it
8	46	34	on	NA
8	47	35	an	it
8	48	36	isolated	it
8	49	37	rock	it
8	50	38	before.	NA
8	51	38	before.	NA
8	52	39	The	NA
8	53	40	Eddystone	NA
8	54	40	Eddystone	NA
8	55	40	Eddystone	NA
8	56	41	is	NA
8	57	42	hard	NA
8	58	43	enough	NA
8	59	44	to	NA
8	60	45	avoid,	NA
8	61	45	avoid,	NA
8	62	46	but	NA
8	63	47	landing	NA
8	64	48	on	NA
8	65	49	it	NA
8	66	50	is	NA
8	67	51	a	it
8	68	52	separate	it
8	69	53	challenge	it
8	70	54	entirely.	NA
8	71	54	entirely.	NA
9	0	0	A	He
9	1	1	clergyman	He
9	2	1	clergyman	He
9	3	2	remarked	NA
9	4	3	to	NA
9	5	4	him,	NA
9	6	4	him,	NA
9	7	5	"The	NA
9	8	5	"The	NA
9	9	6	Lord	NA
9	10	7	is	NA
9	11	8	on	NA
9	12	9	our	NA
9	13	10	side."	NA
9	14	10	side."	NA
9	15	11	I	NA
9	16	12	am	NA
9	17	13	not	NA
9	18	14	at	NA
9	19	15	all	NA
9	20	16	concerned	NA
9	21	17	about	NA
9	22	18	that,	NA
9	23	18	that,	NA
9	24	19	replied	NA
9	25	20	Mr.	NA
9	26	20	Mr.	NA
9	27	21	Lincoln;	NA
9	28	21	Lincoln;	NA
9	29	22	"for	NA
9	30	22	"for	NA
9	31	23	I	NA
9	32	24	know	NA
9	33	25	that	NA
9	34	26	the	NA
9	35	27	Lord	NA
9	36	28	is	NA
9	37	29	always	NA
9	38	30	on	NA
9	39	31	the	NA
9	40	32	side	NA
9	41	33	of	NA
9	42	34	the	NA
9	43	35	right.	NA
9	44	35	right.	NA
9	45	36	But	NA
9	46	37	it	NA
9	47	38	is	NA
9	48	39	my	NA
9	49	40	constant	NA
9	50	41	anxiety	NA
9	51	42	and	NA
9	52	43	prayer	NA
9	53	44	that	NA
9	54	45	I	NA
9	55	46	and	NA
9	56	47	this	it
9	57	48	nation	it
9	58	49	should	NA
9	59	50	be	NA
9	60	51	on	NA
9	61	52	the	NA
9	62	53	Lord's	NA
9	63	53	Lord's	NA
9	64	54	side."	NA
9	65	54	side."	NA
10	0	0	Known	NA
10	1	1	as	NA
10	2	2	Rapa	NA
10	3	2	Rapa	NA
10	4	3	Nui	NA
10	5	3	Nui	NA
10	6	4	to	NA
10	7	5	the	them,
10	8	6	island's	them,
10	9	6	island's	them,
10	10	7	inhabitants,	them,
10	11	7	inhabitants,	them,
10	12	8	Rongorongo	NA
10	13	8	Rongorongo	NA
10	14	8	Rongorongo	NA
10	15	8	Rongorongo	NA
10	16	9	is	NA
10	17	10	a	NA
10	18	11	writing	NA
10	19	12	system	NA
10	20	13	comprised	NA
10	21	14	of	NA
10	22	15	pictographs.	NA
10	23	15	pictographs.	NA
10	24	15	pictographs.	NA
10	25	16	It	NA
10	26	17	has	NA
10	27	18	been	NA
10	28	19	found	NA
10	29	20	carved	NA
10	30	21	into	NA
10	31	22	many	them
10	32	23	oblong	them
10	33	23	oblong	them
10	34	24	wooden	them
10	35	25	tablets	them
10	36	26	and	NA
10	37	27	other	them.
10	38	28	artifacts	them.
10	39	29	from	them.
10	40	30	the	them.
10	41	31	island's	them.
10	42	31	island's	them.
10	43	32	history.	them.
10	44	32	history.	them.
10	45	33	The	It
10	46	34	art	It
10	47	35	of	It
10	48	36	writing	It
10	49	37	was	NA
10	50	38	not	NA
10	51	39	known	NA
10	52	40	in	NA
10	53	41	any	them
10	54	42	nearby	them
10	55	43	islands	them
10	56	44	and	NA
10	57	45	the	it
10	58	46	script's	it
10	59	46	script's	it
10	60	47	mere	it
10	61	48	existence	it
10	62	49	is	NA
10	63	50	sufficient	NA
10	64	51	to	NA
10	65	52	confound	NA
10	66	52	confound	NA
10	67	53	anthropologists.	them.
10	68	53	anthropologists.	them.
10	69	53	anthropologists.	them.
11	0	0	Some	It
11	1	1	months	It
11	2	2	later,	NA
11	3	2	later,	NA
11	4	3	Michael	NA
11	5	4	Larson	NA
11	6	5	saw	NA
11	7	6	another	it.
11	8	7	opportunity	it.
11	9	8	to	it.
11	10	9	stack	it.
11	11	10	the	it.
11	12	11	odds	it.
11	13	12	in	it.
11	14	13	his	it.
11	15	14	favor	it.
11	16	15	with	it.
11	17	16	a	it.
11	18	17	dash	it.
11	19	18	of	it.
11	20	19	ingenuity.	it.
11	21	19	ingenuity.	it.
11	22	20	He	NA
11	23	21	walked	NA
11	24	22	into	NA
11	25	23	his	his
11	26	24	bank	his
11	27	25	one	it
11	28	26	day	it
11	29	27	and	NA
11	30	28	asked	NA
11	31	29	to	NA
11	32	30	withdraw	NA
11	33	31	his	NA
11	34	32	entire	NA
11	35	33	account	NA
11	36	34	balance,	NA
11	37	34	balance,	NA
11	38	35	but	NA
11	39	36	with	NA
11	40	37	an	it:
11	41	38	unusual	it:
11	42	39	stipulation:	it:
11	43	39	stipulation:	it:
11	44	39	stipulation:	it:
11	45	40	He	NA
11	46	41	wanted	NA
11	47	42	as	NA
11	48	43	much	NA
11	49	44	of	NA
11	50	45	the	NA
11	51	46	cash	NA
11	52	47	as	NA
11	53	48	possible	NA
11	54	49	in	NA
11	55	50	one	them.
11	56	51	dollar	them.
11	57	52	notes.	them.
11	58	52	notes.	them.
12	0	0	Bob	NA
12	1	1	Murphy,	NA
12	2	1	Murphy,	NA
12	3	2	the	NA
12	4	3	Senior	NA
12	5	4	PGA	NA
12	6	4	PGA	NA
12	7	5	Tour	NA
12	8	6	money	NA
12	9	7	leader	NA
12	10	8	with	NA
12	11	9	seven	NA
12	12	10	hundred	NA
12	13	11	thousand,	NA
12	14	11	thousand,	NA
12	15	12	says	NA
12	16	13	heat	NA
12	17	14	shouldn't	NA
12	18	14	shouldn't	NA
12	19	15	be	NA
12	20	16	a	it.
12	21	17	factor.	it.
12	22	17	factor.	it.
12	23	18	"I	NA
12	24	18	"I	NA
12	25	19	don't	NA
12	26	19	don't	NA
12	27	20	think	NA
12	28	21	you're	NA
12	29	21	you're	NA
12	30	22	going	NA
12	31	23	to	NA
12	32	24	have	NA
12	33	25	a	it,"
12	34	26	heat	it,"
12	35	27	wave	it,"
12	36	28	I'm	it,"
12	37	28	I'm	it,"
12	38	29	not	it,"
12	39	30	going	it,"
12	40	31	to	it,"
12	41	32	be	it,"
12	42	33	able	it,"
12	43	34	to	it,"
12	44	35	handle,"	it,"
12	45	35	handle,"	it,"
12	46	36	he	NA
12	47	37	said.	NA
12	48	37	said.	NA
12	49	38	"Everybody	NA
12	50	38	"Everybody	NA
12	51	39	treats	NA
12	52	40	it	NA
12	53	41	differently.	NA
12	54	41	differently.	NA
12	55	42	My	My
12	56	43	son	My
12	57	44	Ronnie,	NA
12	58	44	Ronnie,	NA
12	59	45	his	him,
12	60	46	caddie,	him,
12	61	46	caddie,	him,
12	62	46	caddie,	him,
12	63	46	caddie,	him,
12	64	47	and	NA
12	65	48	I	NA
12	66	49	won't	NA
12	67	49	won't	NA
12	68	50	be	NA
12	69	51	riding	NA
12	70	52	carts.	them.
12	71	52	carts.	them.
13	0	0	With	NA
13	1	1	schools	they
13	2	2	still	NA
13	3	3	closed,	NA
13	4	3	closed,	NA
13	5	4	cars	they
13	6	5	still	NA
13	7	6	buried	NA
13	8	7	and	NA
13	9	8	streets	they
13	10	9	still	NA
13	11	10	blocked	NA
13	12	11	by	NA
13	13	12	the	it,
13	14	13	widespread	it,
13	15	14	weekend	it,
13	16	15	snowstorm,	it,
13	17	15	snowstorm,	it,
13	18	15	snowstorm,	it,
13	19	16	officials	NA
13	20	17	are	NA
13	21	18	asking	NA
13	22	19	people	them
13	23	20	to	NA
13	24	21	pick	NA
13	25	22	up	NA
13	26	23	a	it
13	27	24	shovel	it
13	28	25	and	NA
13	29	26	help	NA
13	30	27	out.	NA
13	31	27	out.	NA
13	32	28	In	NA
13	33	29	Boston,	it,
13	34	29	Boston,	it,
13	35	30	a	it
13	36	31	"snow	it
13	37	31	"snow	it
13	38	31	"snow	it
13	39	32	angel"	it
13	40	32	angel"	it
13	41	33	campaign	it
13	42	34	is	NA
13	43	35	using	NA
13	44	36	social	it
13	45	37	media	it
13	46	38	to	NA
13	47	39	encourage	NA
13	48	40	neighbors	them
13	49	41	and	NA
13	50	42	friends	NA
13	51	43	to	NA
13	52	44	be	NA
13	53	45	an	it
13	54	46	angel	it
13	55	47	and	NA
13	56	48	help	NA
13	57	49	dig	NA
13	58	50	out	NA
13	59	51	the	them.
13	60	52	stranded.	them.
13	61	52	stranded.	them.
14	0	0	Greg	NA
14	1	1	Anderson,	NA
14	2	1	Anderson,	NA
14	3	2	considered	NA
14	4	3	a	himself,
14	5	4	key	himself,
14	6	5	witness	himself,
14	7	6	by	himself,
14	8	7	the	himself,
14	9	8	prosecution,	himself,
14	10	8	prosecution,	himself,
14	11	9	vowed	NA
14	12	10	he	NA
14	13	11	wouldn't	NA
14	14	11	wouldn't	NA
14	15	12	testify	NA
14	16	13	when	NA
14	17	14	served	NA
14	18	15	a	it
14	19	16	subpoena	it
14	20	17	last	it.
14	21	18	week.	it.
14	22	18	week.	it.
14	23	19	His	His
14	24	20	lawyers	His
14	25	21	said	NA
14	26	22	he	NA
14	27	23	was	NA
14	28	24	prepared	NA
14	29	25	for	NA
14	30	26	a	it
14	31	27	third	it
14	32	28	prison	it
14	33	29	stay	it
14	34	30	to	NA
14	35	31	maintain	NA
14	36	32	his	his.
14	37	33	silence.	his.
14	38	33	silence.	his.
14	39	34	Anderson	NA
14	40	35	was	NA
14	41	36	released	NA
14	42	37	July	it
14	43	38	20	it
14	44	39	after	NA
14	45	40	a	it
14	46	41	two-week	it
14	47	41	two-week	it
14	48	41	two-week	it
14	49	42	stay	it
14	50	43	for	NA
14	51	44	previously	NA
14	52	45	declining	NA
14	53	46	to	NA
14	54	47	testify	NA
14	55	48	before	NA
14	56	49	a	it.
14	57	50	different	it.
14	58	51	grand	it.
14	59	52	jury.	it.
14	60	52	jury.	it.
15	0	0	Steam	NA
15	1	1	sterilization	NA
15	2	1	sterilization	NA
15	3	2	is	NA
15	4	3	limited	NA
15	5	4	in	NA
15	6	5	the	its,
15	7	6	types	its,
15	8	7	of	its,
15	9	8	medical	its,
15	10	9	waste	its,
15	11	10	it	its,
15	12	11	can	its,
15	13	12	treat,	its,
15	14	12	treat,	its,
15	15	13	but	NA
15	16	14	is	NA
15	17	15	appropriate	NA
15	18	16	for	NA
15	19	17	laboratory	them
15	20	18	cultures	them
15	21	19	and	NA
15	22	20	substances	them.
15	23	21	contaminated	them.
15	24	22	with	them.
15	25	23	infectious	them.
15	26	24	organisms.	them.
15	27	24	organisms.	them.
15	28	25	The	It
15	29	26	waste	It
15	30	27	is	NA
15	31	28	subjected	NA
15	32	29	to	NA
15	33	30	steam	it
15	34	31	in	NA
15	35	32	a	it.
15	36	33	sealed,	it.
15	37	33	sealed,	it.
15	38	34	pressurized	it.
15	39	34	pressurized	it.
15	40	35	chamber.	it.
15	41	35	chamber.	it.
15	42	36	The	It
15	43	37	liquid	It
15	44	38	that	It
15	45	39	may	It
15	46	40	form	It
15	47	41	is	NA
15	48	42	drained	NA
15	49	43	off	NA
15	50	44	to	NA
15	51	45	the	it
15	52	46	sewer	it
15	53	47	or	NA
15	54	48	sent	NA
15	55	49	for	NA
15	56	50	processing.	it.
15	57	50	processing.	it.
16	0	0	Owls	NA
16	1	0	Owls	NA
16	2	0	Owls	NA
16	3	1	are	NA
16	4	2	more	NA
16	5	3	flexible	NA
16	6	4	than	NA
16	7	5	humans	NA
16	8	6	because	NA
16	9	7	a	it
16	10	8	bird's	it
16	11	8	bird's	it
16	12	9	head	it
16	13	10	is	NA
16	14	11	only	NA
16	15	12	connected	NA
16	16	13	by	NA
16	17	14	one	it.
16	18	15	socket	it.
16	19	16	pivot.	it.
16	20	16	pivot.	it.
16	21	17	People	NA
16	22	18	have	NA
16	23	19	two,	NA
16	24	19	two,	NA
16	25	20	which	NA
16	26	21	limits	NA
16	27	22	our	it,
16	28	23	ability	it,
16	29	24	to	it,
16	30	25	twist,	it,
16	31	25	twist,	it,
16	32	26	Forsman	NA
16	33	26	Forsman	NA
16	34	27	added.	NA
16	35	27	added.	NA
16	36	28	Owls	NA
16	37	28	Owls	NA
16	38	29	also	NA
16	39	30	have	NA
16	40	31	multiple	NA
16	41	32	vertebrae,	NA
16	42	32	vertebrae,	NA
16	43	32	vertebrae,	NA
16	44	32	vertebrae,	NA
16	45	33	the	NA
16	46	34	small	NA
16	47	35	bones	NA
16	48	36	that	NA
16	49	37	make	NA
16	50	38	up	NA
16	51	39	the	NA
16	52	40	neck	NA
16	53	41	and	NA
16	54	42	spine,	NA
16	55	42	spine,	NA
16	56	43	helping	NA
16	57	44	them	NA
16	58	45	achieve	NA
16	59	46	a	it.
16	60	47	wide	it.
16	61	48	range	it.
16	62	49	of	it.
16	63	50	motion.	it.
16	64	50	motion.	it.
17	0	0	Even	NA
17	1	1	in	NA
17	2	2	the	it,
17	3	3	same	it,
17	4	4	animal,	it,
17	5	4	animal,	it,
17	6	5	not	NA
17	7	6	all	they
17	8	7	bites	they
17	9	8	are	NA
17	10	9	the	NA
17	11	10	same.	NA
17	12	10	same.	NA
17	13	11	A	It
17	14	12	new	It
17	15	13	study	It
17	16	14	finds	NA
17	17	15	that	NA
17	18	16	because	NA
17	19	17	the	it
17	20	18	force	it
17	21	19	in	it
17	22	20	a	it
17	23	21	muscle	it
17	24	22	depends	NA
17	25	23	on	NA
17	26	24	how	NA
17	27	25	much	NA
17	28	26	it	NA
17	29	27	is	NA
17	30	28	stretched,	NA
17	31	28	stretched,	NA
17	32	29	an	NA
17	33	30	animal's	NA
17	34	30	animal's	NA
17	35	31	bite	NA
17	36	32	force	NA
17	37	33	depends	NA
17	38	34	on	NA
17	39	35	the	NA
17	40	36	size	NA
17	41	37	of	NA
17	42	38	what	NA
17	43	39	it	NA
17	44	40	is	NA
17	45	41	biting.	NA
17	46	41	biting.	NA
17	47	42	The	NA
17	48	43	finding	NA
17	49	44	has	NA
17	50	45	direct	them.
17	51	46	implications	them.
17	52	47	for	them.
17	53	48	ecology	them.
17	54	49	and	them.
17	55	50	evolution.	them.
17	56	50	evolution.	them.
18	0	0	Interestingly,	NA
18	1	0	Interestingly,	NA
18	2	1	the	they
18	3	2	heaviest	they
18	4	3	isotopes	they
18	5	3	isotopes	they
18	6	4	physicists	they
18	7	5	have	they
18	8	6	managed	they
18	9	7	to	they
18	10	8	synthesize	they
18	11	8	synthesize	they
18	12	9	so	they
18	13	10	far	they
18	14	11	don't	NA
18	15	11	don't	NA
18	16	12	behave	NA
18	17	13	quite	NA
18	18	14	like	NA
18	19	15	science's	they
18	20	15	science's	they
18	21	16	best	they
18	22	17	current	they
18	23	18	models	they
18	24	19	predict,	NA
18	25	19	predict,	NA
18	26	20	so	NA
18	27	21	stable	NA
18	28	22	superheavy	NA
18	29	22	superheavy	NA
18	30	23	nuclei	NA
18	31	23	nuclei	NA
18	32	24	are	NA
18	33	25	likely	NA
18	34	26	to	NA
18	35	27	be	NA
18	36	28	full	NA
18	37	29	of	NA
18	38	30	surprises.	them.
18	39	30	surprises.	them.
18	40	31	Chemists	NA
18	41	31	Chemists	NA
18	42	32	cannot	NA
18	43	33	even	NA
18	44	34	predict	NA
18	45	35	with	NA
18	46	36	any	it
18	47	37	certainty	it
18	48	38	whether	NA
18	49	39	these	NA
18	50	40	materials	NA
18	51	41	will	NA
18	52	42	exist	NA
18	53	43	as	NA
18	54	44	gases,	they,
18	55	44	gases,	they,
18	56	45	liquids,	they,
18	57	45	liquids,	they,
18	58	46	or	NA
18	59	47	solids	they
18	60	47	solids	they
18	61	48	at	NA
18	62	49	room	it.
18	63	50	temperature.	it.
18	64	50	temperature.	it.
19	0	0	Buck	NA
19	1	0	Buck	NA
19	2	1	did	NA
19	3	2	not	NA
19	4	3	like	NA
19	5	4	it,	NA
19	6	4	it,	NA
19	7	5	but	NA
19	8	6	he	NA
19	9	7	bore	NA
19	10	8	up	NA
19	11	9	well	NA
19	12	10	to	NA
19	13	11	the	NA
19	14	12	work,	NA
19	15	12	work,	NA
19	16	13	taking	NA
19	17	14	pride	it.
19	18	15	in	it.
19	19	16	it.	it.
19	20	16	it.	it.
19	21	17	It	NA
19	22	18	was	NA
19	23	19	a	NA
19	24	20	monotonous	NA
19	25	20	monotonous	NA
19	26	20	monotonous	NA
19	27	21	life,	NA
19	28	21	life,	NA
19	29	22	operating	NA
19	30	23	with	NA
19	31	24	machine-like	its.
19	32	24	machine-like	its.
19	33	24	machine-like	its.
19	34	25	regularity.	its.
19	35	25	regularity.	its.
19	36	25	regularity.	its.
19	37	26	One	It
19	38	27	day	It
19	39	28	was	NA
19	40	29	very	NA
19	41	30	like	NA
19	42	31	another.	it.
19	43	31	another.	it.
19	44	32	At	NA
19	45	33	a	it
19	46	34	certain	it
19	47	35	time	it
19	48	36	each	it
19	49	37	morning	it
19	50	38	the	they
19	51	39	cooks	they
19	52	40	turned	NA
19	53	41	out,	NA
19	54	41	out,	NA
19	55	42	fires	they
19	56	43	were	NA
19	57	44	built,	NA
19	58	44	built,	NA
19	59	45	and	NA
19	60	46	breakfast	it
19	61	47	was	NA
19	62	48	eaten.	NA
19	63	48	eaten.	NA
20	0	0	These	They,
20	1	1	days,	They,
20	2	1	days,	They,
20	3	2	neuroscience	it
20	4	3	is	NA
20	5	4	beginning	NA
20	6	5	to	NA
20	7	6	catch	NA
20	8	7	up	NA
20	9	8	to	NA
20	10	9	musicians	them.
20	11	10	who	them.
20	12	11	practice	them.
20	13	12	mentally.	them.
20	14	12	mentally.	them.
20	15	13	Although	NA
20	16	14	the	they
20	17	15	details	they
20	18	16	are	NA
20	19	17	still	NA
20	20	18	somewhat	NA
20	21	19	elusive,	NA
20	22	19	elusive,	NA
20	23	20	the	it
20	24	21	key	it
20	25	22	to	it
20	26	23	the	it
20	27	24	success	it
20	28	25	of	it
20	29	26	mental	it
20	30	27	imagery	it
20	31	28	as	it
20	32	29	a	it
20	33	30	rehearsal	it
20	34	31	technique	it
20	35	32	is	NA
20	36	33	that	NA
20	37	34	most	NA
20	38	35	of	NA
20	39	36	the	them
20	40	37	same	them
20	41	38	neurological	them
20	42	39	regions	them
20	43	40	are	NA
20	44	41	invoked	NA
20	45	42	by	NA
20	46	43	mental	it
20	47	44	practice	it
20	48	45	as	NA
20	49	46	by	NA
20	50	47	real	it.
20	51	48	practice.	it.
20	52	48	practice.	it.
21	0	0	Not	NA
21	1	1	only	NA
21	2	2	smoke	it
21	3	3	came	NA
21	4	4	out	NA
21	5	5	of	NA
21	6	6	it.	NA
21	7	6	it.	NA
21	8	7	There	NA
21	9	8	came	NA
21	10	9	also	NA
21	11	10	children's	they,
21	12	10	children's	they,
21	13	11	voices,	they,
21	14	11	voices,	they,
21	15	12	for	NA
21	16	13	so	NA
21	17	14	safe	NA
21	18	15	did	NA
21	19	16	the	NA
21	20	17	boys	NA
21	21	18	feel	NA
21	22	19	in	NA
21	23	20	their	it
21	24	21	hiding-place	it
21	25	21	hiding-place	it
21	26	21	hiding-place	it
21	27	22	that	NA
21	28	23	they	NA
21	29	24	were	NA
21	30	25	gaily	NA
21	31	25	gaily	NA
21	32	26	chattering.	NA
21	33	26	chattering.	NA
21	34	26	chattering.	NA
21	35	27	The	NA
21	36	28	pirates	NA
21	37	29	listened	NA
21	38	30	grimly,	NA
21	39	30	grimly,	NA
21	40	30	grimly,	NA
21	41	31	and	NA
21	42	32	then	NA
21	43	33	replaced	NA
21	44	34	the	it.
21	45	35	mushroom.	it.
21	46	35	mushroom.	it.
21	47	36	They	NA
21	48	37	looked	NA
21	49	38	around	NA
21	50	39	them	NA
21	51	40	and	NA
21	52	41	noted	NA
21	53	42	the	them.
21	54	43	holes	them.
21	55	44	in	them.
21	56	45	the	them.
21	57	46	seven	them.
21	58	47	trees.	them.
21	59	47	trees.	them.
22	0	0	When	NA
22	1	1	a	NA
22	2	2	nucleus	NA
22	3	3	has	NA
22	4	4	all	it
22	5	5	of	it
22	6	6	its	it
22	7	7	proton	it
22	8	7	proton	it
22	9	8	shells	it
22	10	9	or	it
22	11	10	neutron	it
22	12	11	shells	it
22	13	12	loaded	NA
22	14	13	to	NA
22	15	14	full	NA
22	16	15	capacity,	NA
22	17	15	capacity,	NA
22	18	16	the	NA
22	19	17	layers	NA
22	20	18	can	NA
22	21	19	align	NA
22	22	20	so	NA
22	23	21	well	NA
22	24	22	that	NA
22	25	23	each	NA
22	26	24	shell	NA
22	27	25	can	NA
22	28	26	spoon	NA
22	29	27	intimately	NA
22	30	28	with	NA
22	31	29	its	them,
22	32	30	attractive	them,
22	33	31	neighbors,	them,
22	34	31	neighbors,	them,
22	35	32	forming	NA
22	36	33	a	it.
22	37	34	more	it.
22	38	35	compact	it.
22	39	36	sphere	it.
22	40	37	that	it.
22	41	38	fits	it.
22	42	39	well	it.
22	43	40	within	it.
22	44	41	the	it.
22	45	42	strong	it.
22	46	43	nuclear	it.
22	47	44	force's	it.
22	48	44	force's	it.
22	49	45	area	it.
22	50	46	of	it.
22	51	47	influence.	it.
22	52	47	influence.	it.
23	0	0	Hybrid	NA
23	1	0	Hybrid	NA
23	2	1	vehicles	NA
23	3	2	have	NA
23	4	3	a	their.
23	5	4	halo	their.
23	6	4	halo	their.
23	7	5	that	their.
23	8	6	makes	their.
23	9	7	owners	their.
23	10	8	feel	their.
23	11	9	righteous	their.
23	12	10	and	their.
23	13	11	their	their.
23	14	12	neighbors	their.
23	15	13	feel	their.
23	16	14	guilty	their.
23	17	15	for	their.
23	18	16	not	their.
23	19	17	doing	their.
23	20	18	as	their.
23	21	19	much	their.
23	22	20	to	their.
23	23	21	save	their.
23	24	22	the	their.
23	25	23	planet.	their.
23	26	23	planet.	their.
23	27	24	They	NA
23	28	25	also	NA
23	29	26	cost	NA
23	30	27	more	NA
23	31	28	and	NA
23	32	29	a	it
23	33	30	new	it
23	34	31	report	it
23	35	32	from	it
23	36	33	the	it
23	37	34	very	it
23	38	35	green	it
23	39	36	Union	it
23	40	37	of	it
23	41	38	Concerned	it
23	42	38	Concerned	it
23	43	39	Scientists	it
23	44	40	says	NA
23	45	41	buyers	NA
23	46	42	aren't	NA
23	47	42	aren't	NA
23	48	43	always	NA
23	49	44	getting	NA
23	50	45	their	their
23	51	46	money's	their
23	52	46	money's	their
23	53	47	worth.	NA
23	54	47	worth.	NA
24	0	0	The	NA
24	1	1	girl's	NA
24	2	1	girl's	NA
24	3	2	feet	NA
24	4	3	were	NA
24	5	4	then	NA
24	6	5	re-wrapped	NA
24	7	5	re-wrapped	NA
24	8	5	re-wrapped	NA
24	9	5	re-wrapped	NA
24	10	6	even	NA
24	11	7	tighter	NA
24	12	8	than	NA
24	13	9	before,	NA
24	14	9	before,	NA
24	15	10	causing	NA
24	16	11	her	it
24	17	12	footprint	it
24	18	13	to	NA
24	19	14	shrink	NA
24	20	15	further	NA
24	21	16	as	NA
24	22	17	the	NA
24	23	18	bones	NA
24	24	19	slowly	NA
24	25	20	fused	NA
24	26	21	into	NA
24	27	22	their	its.
24	28	23	new	its.
24	29	24	configuration.	its.
24	30	24	configuration.	its.
24	31	25	Occasionally	NA
24	32	26	girls'	NA
24	33	26	girls'	NA
24	34	27	feet	NA
24	35	28	would	NA
24	36	29	fester,	NA
24	37	29	fester,	NA
24	38	29	fester,	NA
24	39	30	and	NA
24	40	31	blood	it
24	41	32	poisoning	it
24	42	33	from	it
24	43	34	gangrene	it
24	44	34	gangrene	it
24	45	35	could	NA
24	46	36	be	NA
24	47	37	a	it,
24	48	38	cause	it,
24	49	39	for	it,
24	50	40	concern,	it,
24	51	40	concern,	it,
24	52	41	but	NA
24	53	42	an	they%
24	54	43	estimated	they%
24	55	44	90%	they%
24	56	44	90%	they%
24	57	45	survived	NA
24	58	46	the	NA
24	59	47	process.	NA
24	60	47	process.	NA
25	0	0	An	It
25	1	1	early	It
25	2	2	task	It
25	3	3	will	NA
25	4	4	be	NA
25	5	5	to	NA
25	6	6	make	NA
25	7	7	sure	NA
25	8	8	the	they
25	9	9	newfound	they
25	10	10	microbes	they
25	11	11	were	NA
25	12	12	not	NA
25	13	13	introduced	NA
25	14	14	while	NA
25	15	15	drilling	NA
25	16	16	through	NA
25	17	17	the	it
25	18	18	ice	it
25	19	19	into	NA
25	20	20	the	it,
25	21	21	lake,	it,
25	22	21	lake,	it,
25	23	22	which	NA
25	24	23	involved	NA
25	25	24	a	it
25	26	25	hot-water	it
25	27	25	hot-water	it
25	28	25	hot-water	it
25	29	26	drilling	it
25	30	27	technique	it
25	31	28	designed	NA
25	32	29	to	NA
25	33	30	greatly	NA
25	34	31	reduce	NA
25	35	32	or	NA
25	36	33	eliminate	NA
25	37	34	any	it,
25	38	35	contamination	it,
25	39	36	that	it,
25	40	37	might	it,
25	41	38	come	it,
25	42	39	from	it,
25	43	40	other	it,
25	44	41	kerosene-based	it,
25	45	41	kerosene-based	it,
25	46	41	kerosene-based	it,
25	47	41	kerosene-based	it,
25	48	41	kerosene-based	it,
25	49	42	drilling	it,
25	50	43	technology,	it,
25	51	43	technology,	it,
25	52	44	Christner	NA
25	53	44	Christner	NA
25	54	45	said.	NA
25	55	45	said.	NA
26	0	0	Very	NA
26	1	1	similar,	NA
26	2	1	similar,	NA
26	3	2	but	NA
26	4	3	even	NA
26	5	4	more	NA
26	6	5	striking,	NA
26	7	5	striking,	NA
26	8	6	is	NA
26	9	7	the	it.
26	10	8	evidence	it.
26	11	9	from	it.
26	12	10	athletic	it.
26	13	11	training.	it.
26	14	11	training.	it.
26	15	12	As	NA
26	16	13	with	NA
26	17	14	rehearsing	NA
26	18	14	rehearsing	NA
26	19	15	a	it
26	20	16	piece	it
26	21	17	on	NA
26	22	18	the	it,
26	23	19	piano,	it,
26	24	19	piano,	it,
26	25	20	practicing	NA
26	26	21	a	NA
26	27	22	complex	NA
26	28	23	physical	NA
26	29	24	task	NA
26	30	25	in	NA
26	31	26	the	NA
26	32	27	mind	NA
26	33	28	alone	NA
26	34	29	is	NA
26	35	30	nearly	it
26	36	31	as	it
26	37	32	effective	it
26	38	33	a	it
26	39	34	learning	it
26	40	35	strategy	it
26	41	36	as	NA
26	42	37	actually	NA
26	43	38	physically	NA
26	44	39	doing	NA
26	45	40	it.	NA
26	46	40	it.	NA
26	47	41	But	NA
26	48	42	it	NA
26	49	43	doesnÕt	NA
26	50	43	doesnÕt	NA
26	51	43	doesnÕt	NA
26	52	43	doesnÕt	NA
26	53	44	stop	NA
26	54	45	there.	NA
26	55	45	there.	NA
27	0	0	A	It
27	1	1	bill	It
27	2	2	was	NA
27	3	3	drafted	NA
27	4	4	and	NA
27	5	5	introduced	NA
27	6	6	into	NA
27	7	7	Parliament	its
27	8	8	several	it
27	9	9	times	it
27	10	10	but	NA
27	11	11	met	NA
27	12	12	with	NA
27	13	13	great	it,
27	14	14	opposition,	it,
27	15	14	opposition,	it,
27	16	15	mostly	NA
27	17	16	from	NA
27	18	17	farmers.	them.
27	19	17	farmers.	them.
27	20	18	Eventually,	NA
27	21	18	Eventually,	NA
27	22	19	in	NA
27	23	20	1925,	it,
27	24	20	1925,	it,
27	25	21	it	NA
27	26	22	was	NA
27	27	23	decided	NA
27	28	24	that	NA
27	29	25	summer	it
27	30	26	time	it
27	31	27	should	NA
27	32	28	begin	NA
27	33	29	on	NA
27	34	30	the	it
27	35	31	day	it
27	36	32	following	it
27	37	33	the	it
27	38	34	third	it
27	39	35	Saturday	it
27	40	36	in	it
27	41	37	April	it
27	42	38	and	NA
27	43	39	close	NA
27	44	40	after	NA
27	45	41	the	it.
27	46	42	first	it.
27	47	43	Saturday	it.
27	48	44	in	it.
27	49	45	October.	it.
27	50	45	October.	it.
28	0	0	When	NA
28	1	1	early	they
28	2	2	Europeans	they
28	3	3	discovered	NA
28	4	4	Easter	NA
28	5	5	Island,	NA
28	6	5	Island,	NA
28	7	6	its	it
28	8	7	somewhat	it
28	9	8	isolated	it
28	10	9	ecosystem	it
28	11	10	was	NA
28	12	11	suffering	NA
28	13	12	from	NA
28	14	13	the	them.
28	15	14	effects	them.
28	16	15	of	them.
28	17	16	limited	them.
28	18	17	natural	them.
28	19	18	resources,	them.
28	20	18	resources,	them.
28	21	19	deforestation,	them.
28	22	19	deforestation,	them.
28	23	20	and	them.
28	24	21	overpopulation.	them.
28	25	21	overpopulation.	them.
28	26	21	overpopulation.	them.
28	27	22	Over	NA
28	28	23	the	they
28	29	24	following	they
28	30	25	years	they
28	31	26	the	it
28	32	27	island's	it
28	33	27	island's	it
28	34	28	population	it
28	35	29	of	it
28	36	30	four	it
28	37	31	thousand	it
28	38	32	or	it
28	39	33	so	it
28	40	34	was	NA
28	41	35	slowly	NA
28	42	36	eroded	NA
28	43	37	by	NA
28	44	38	Western	it
28	45	39	disease	it
28	46	40	and	NA
28	47	41	deportation	it.
28	48	42	by	it.
28	49	43	slave	it.
28	50	44	traders.	it.
28	51	44	traders.	it.
29	0	0	Binge	NA
29	1	0	Binge	NA
29	2	1	drinking	NA
29	3	2	may	NA
29	4	3	not	NA
29	5	4	necessarily	NA
29	6	5	kill	NA
29	7	6	or	NA
29	8	7	even	NA
29	9	8	damage	NA
29	10	9	brain	them,
29	11	10	cells,	them,
29	12	10	cells,	them,
29	13	11	as	NA
29	14	12	commonly	NA
29	15	13	thought,	NA
29	16	13	thought,	NA
29	17	14	a	it
29	18	15	new	it
29	19	16	animal	it
29	20	17	study	it
29	21	18	suggests.	NA
29	22	18	suggests.	NA
29	23	19	But	NA
29	24	20	it	NA
29	25	21	can	NA
29	26	22	block	NA
29	27	23	key	them
29	28	24	receptors	them
29	29	25	in	them
29	30	26	the	them
29	31	27	brain	them
29	32	28	and	NA
29	33	29	trigger	NA
29	34	30	production	it.
29	35	31	of	it.
29	36	32	a	it.
29	37	33	steroid	it.
29	38	34	that	it.
29	39	35	interferes	it.
29	40	35	interferes	it.
29	41	35	interferes	it.
29	42	36	with	it.
29	43	37	brain	it.
29	44	38	functions	it.
29	45	39	critical	it.
29	46	40	to	it.
29	47	41	learning	it.
29	48	42	and	it.
29	49	43	memory.	it.
29	50	43	memory.	it.
30	0	0	When	NA
30	1	1	preparing	NA
30	2	2	to	NA
30	3	3	check	NA
30	4	4	out	NA
30	5	5	of	NA
30	6	6	their	their,
30	7	7	hotel	their,
30	8	8	room,	their,
30	9	8	room,	their,
30	10	9	some	they.
30	11	10	frequent	they.
30	12	11	travelers	they.
30	13	12	pile	they.
30	14	13	up	they.
30	15	14	their	they.
30	16	15	used	they.
30	17	16	bath	they.
30	18	17	towels	they.
30	19	18	on	they.
30	20	19	the	they.
30	21	20	bathroom	they.
30	22	21	floor,	they.
30	23	21	floor,	they.
30	24	22	which	they.
30	25	23	would	they.
30	26	24	make	they.
30	27	25	them	they.
30	28	26	easy	they.
30	29	27	for	they.
30	30	28	housekeepers	they.
30	31	28	housekeepers	they.
30	32	29	to	they.
30	33	30	spot.	they.
30	34	30	spot.	they.
30	35	31	Other	They
30	36	32	travelers	They
30	37	33	neatly	NA
30	38	34	fold	NA
30	39	35	them,	NA
30	40	35	them,	NA
30	41	36	or	NA
30	42	37	hang	NA
30	43	38	them	NA
30	44	39	from	NA
30	45	40	the	it.
30	46	41	shower	it.
30	47	42	curtain	it.
30	48	43	pole.	it.
30	49	43	pole.	it.
31	0	0	In	NA
31	1	1	no	its,
31	2	2	celestial	its,
31	3	3	hurry,	its,
31	4	3	hurry,	its,
31	5	4	Neptune	NA
31	6	5	has	NA
31	7	6	just	NA
31	8	7	completed	NA
31	9	8	its	its
31	10	9	first	its
31	11	10	orbit	its
31	12	11	around	its
31	13	12	the	its
31	14	13	sun	its
31	15	14	since	NA
31	16	15	being	NA
31	17	16	discovered	NA
31	18	17	165	it
31	19	18	years	it
31	20	19	ago	NA
31	21	20	by	NA
31	22	21	Earthlings.	them.
31	23	21	Earthlings.	them.
31	24	21	Earthlings.	them.
31	25	22	As	NA
31	26	23	Space.com	it
31	27	23	Space.com	it
31	28	23	Space.com	it
31	29	24	notes,	NA
31	30	24	notes,	NA
31	31	25	the	NA
31	32	26	big	NA
31	33	27	blue-green	NA
31	34	27	blue-green	NA
31	35	27	blue-green	NA
31	36	28	gas	NA
31	37	29	bag	NA
31	38	30	is	NA
31	39	31	the	NA
31	40	32	only	NA
31	41	33	planet	NA
31	42	34	in	NA
31	43	35	our	NA
31	44	36	solar	NA
31	45	37	system	NA
31	46	38	to	NA
31	47	39	be	NA
31	48	40	discovered	NA
31	49	41	by	NA
31	50	42	mathematics.	NA
31	51	42	mathematics.	NA
32	0	0	When	NA
32	1	1	attacked,	NA
32	2	1	attacked,	NA
32	3	2	a	NA
32	4	3	skunk's	NA
32	5	3	skunk's	NA
32	6	3	skunk's	NA
32	7	4	natural	NA
32	8	5	inclination	NA
32	9	6	is	NA
32	10	7	to	NA
32	11	8	turn	NA
32	12	9	around,	NA
32	13	9	around,	NA
32	14	10	lick	NA
32	15	11	its	its
32	16	12	tail	its
32	17	13	and	NA
32	18	14	spray	NA
32	19	15	a	it.
32	20	16	noxious	it.
32	21	16	noxious	it.
32	22	17	scent.	it.
32	23	17	scent.	it.
32	24	18	That	NA
32	25	19	works	NA
32	26	20	when	NA
32	27	21	a	NA
32	28	22	skunk	NA
32	29	22	skunk	NA
32	30	23	faces	NA
32	31	24	a	it
32	32	25	natural	it
32	33	26	predator	it
32	34	27	in	NA
32	35	28	the	it,
32	36	29	wild,	it,
32	37	29	wild,	it,
32	38	30	but	NA
32	39	31	it's	NA
32	40	31	it's	NA
32	41	32	not	NA
32	42	33	as	NA
32	43	34	helpful	NA
32	44	35	when	NA
32	45	36	faced	NA
32	46	37	with,	NA
32	47	37	with,	NA
32	48	38	let's	NA
32	49	38	let's	NA
32	50	39	say,	NA
32	51	39	say,	NA
32	52	40	an	it.
32	53	41	oncoming	it.
32	54	41	oncoming	it.
32	55	42	car.	it.
32	56	42	car.	it.
33	0	0	Lady	NA
33	1	1	Gaga's	NA
33	2	1	Gaga's	NA
33	3	2	YouTube	NA
33	4	3	account	NA
33	5	4	was	NA
33	6	5	suspended	NA
33	7	6	Thursday.	NA
33	8	6	Thursday.	NA
33	9	7	The	Them
33	10	8	notice	Them
33	11	9	read	NA
33	12	10	that	NA
33	13	11	the	NA
33	14	12	suspension	NA
33	15	13	was	NA
33	16	14	due	NA
33	17	15	to	NA
33	18	16	"multiple	"they."
33	19	16	"multiple	"they."
33	20	17	or	"they."
33	21	18	severe	"they."
33	22	19	violations	"they."
33	23	20	of	"they."
33	24	21	YouTube's	"they."
33	25	21	YouTube's	"they."
33	26	22	copyright	"they."
33	27	23	policy."	"they."
33	28	23	policy."	"they."
33	29	24	The	NA
33	30	25	Google	NA
33	31	26	Inc.-owned	NA
33	32	26	Inc.-owned	NA
33	33	26	Inc.-owned	NA
33	34	27	YouTube	NA
33	35	28	declined	NA
33	36	29	to	NA
33	37	30	comment.	NA
33	38	30	comment.	NA
33	39	31	It's	NA
33	40	31	It's	NA
33	41	32	YouTube	NA
33	42	33	policy	NA
33	43	34	to	NA
33	44	35	remove	NA
33	45	36	accounts	them
33	46	37	after	NA
33	47	38	three	they.
33	48	39	copyright	they.
33	49	40	violations.	they.
33	50	40	violations.	they.
34	0	0	The	NA
34	1	1	astronauts	NA
34	2	2	used	NA
34	3	3	a	it
34	4	4	hefty	it
34	5	5	robotic	it
34	6	6	arm	it
34	7	7	to	NA
34	8	8	move	NA
34	9	9	the	NA
34	10	10	bus-size	NA
34	11	10	bus-size	NA
34	12	10	bus-size	NA
34	13	11	canister,	NA
34	14	11	canister,	NA
34	15	11	canister,	NA
34	16	12	stuffed	NA
34	17	13	with	NA
34	18	14	nearly	NA
34	19	15	three	NA
34	20	16	tons	NA
34	21	17	of	NA
34	22	18	packing	NA
34	23	19	foam	NA
34	24	20	and	NA
34	25	21	other	NA
34	26	22	space	NA
34	27	23	station	NA
34	28	24	refuse.	NA
34	29	24	refuse.	NA
34	30	25	It	NA
34	31	26	was	NA
34	32	27	the	NA
34	33	28	last	NA
34	34	29	job	NA
34	35	30	shared	NA
34	36	31	by	NA
34	37	32	the	NA
34	38	33	shuttle	NA
34	39	34	and	NA
34	40	35	station	NA
34	41	36	crews,	NA
34	42	36	crews,	NA
34	43	37	numbering	NA
34	44	38	ten	NA
34	45	39	astronauts	NA
34	46	40	altogether.	NA
34	47	40	altogether.	NA
35	0	0	Rich	NA
35	1	1	investors	NA
35	2	2	with	NA
35	3	3	no	NA
35	4	4	ties	NA
35	5	5	to	NA
35	6	6	farming,	NA
35	7	6	farming,	NA
35	8	7	no	they,
35	9	8	dirt	they,
35	10	9	under	they,
35	11	10	their	they,
35	12	11	nails,	they,
35	13	11	nails,	they,
35	14	12	are	NA
35	15	13	confident	NA
35	16	14	enough	NA
35	17	15	to	NA
35	18	16	wager	NA
35	19	16	wager	NA
35	20	17	big	NA
35	21	18	on	NA
35	22	19	a	NA
35	23	20	patch	NA
35	24	21	of	NA
35	25	22	earth	NA
35	26	23	Ñ	NA
35	27	23	Ñ	NA
35	28	24	betting	NA
35	29	25	that	NA
35	30	26	it's	NA
35	31	26	it's	NA
35	32	27	a	it
35	33	28	smart	it
35	34	29	investment	it
35	35	30	because	NA
35	36	31	food	it
35	37	32	will	NA
35	38	33	only	NA
35	39	34	get	NA
35	40	35	more	NA
35	41	36	expensive	NA
35	42	37	around	NA
35	43	38	the	it.
35	44	39	world.	it.
35	45	39	world.	it.
36	0	0	John	NA
36	1	1	Thornton	NA
36	2	2	asked	NA
36	3	3	little	NA
36	4	4	of	NA
36	5	5	man	him
36	6	6	or	NA
36	7	7	nature.	it.
36	8	7	nature.	it.
36	9	8	He	NA
36	10	9	was	NA
36	11	10	unafraid	NA
36	12	10	unafraid	NA
36	13	10	unafraid	NA
36	14	11	of	NA
36	15	12	the	NA
36	16	13	wild.	NA
36	17	13	wild.	NA
36	18	14	With	NA
36	19	15	a	NA
36	20	16	handful	NA
36	21	17	of	NA
36	22	18	salt	NA
36	23	19	and	NA
36	24	20	a	NA
36	25	21	rifle	NA
36	26	22	he	NA
36	27	23	could	NA
36	28	24	plunge	NA
36	29	25	into	NA
36	30	26	the	NA
36	31	27	wilderness	NA
36	32	28	and	NA
36	33	29	fare	NA
36	34	30	wherever	NA
36	35	31	he	NA
36	36	32	pleased	NA
36	37	33	and	NA
36	38	34	as	NA
36	39	35	long	NA
36	40	36	as	NA
36	41	37	he	NA
36	42	38	pleased.	NA
36	43	38	pleased.	NA
37	0	0	All	NA
37	1	1	that	NA
37	2	2	the	it
37	3	3	brain	it
37	4	4	has	NA
37	5	5	to	NA
37	6	6	work	NA
37	7	7	with	NA
37	8	8	are	NA
37	9	9	imperfect	NA
37	10	10	incoming	NA
37	11	11	electrical	NA
37	12	12	impulses	NA
37	13	13	announcing	NA
37	14	14	that	NA
37	15	15	things	NA
37	16	16	are	NA
37	17	17	happening.	NA
37	18	17	happening.	NA
37	19	18	It	NA
37	20	19	is	NA
37	21	20	then	NA
37	22	21	the	their
37	23	22	job	their
37	24	23	of	their
37	25	24	neurons	their
37	26	25	to	NA
37	27	26	rapidly	NA
37	28	27	interpret	NA
37	29	28	these	NA
37	30	29	signals	NA
37	31	30	as	NA
37	32	31	well	NA
37	33	32	as	NA
37	34	33	they	NA
37	35	34	can,	NA
37	36	34	can,	NA
37	37	35	and	NA
37	38	36	suggest	NA
37	39	37	how	NA
37	40	38	to	NA
37	41	39	react.	NA
37	42	39	react.	NA
38	0	0	That's	NA
38	1	0	That's	NA
38	2	1	because	NA
38	3	2	when	NA
38	4	3	immigrants	NA
38	5	4	from	NA
38	6	5	a	NA
38	7	6	particular	NA
38	8	7	cultural	NA
38	9	8	group	NA
38	10	9	move	NA
38	11	10	into	NA
38	12	11	a	NA
38	13	12	new	NA
38	14	13	one,	NA
38	15	13	one,	NA
38	16	14	they	NA
38	17	15	bring	NA
38	18	16	genetic	it.
38	19	17	diversity	it.
38	20	18	that,	it.
38	21	18	that,	it.
38	22	19	if	it.
38	23	20	the	it.
38	24	21	immigrants	it.
38	25	22	have	it.
38	26	23	children,	it.
38	27	23	children,	it.
38	28	24	get	it.
38	29	25	mixed	it.
38	30	26	around,	it.
38	31	26	around,	it.
38	32	27	changing	it.
38	33	28	the	it.
38	34	29	new	it.
38	35	30	population's	it.
38	36	30	population's	it.
38	37	31	gene	it.
38	38	32	pool.	it.
38	39	32	pool.	it.
38	40	33	But	NA
38	41	34	the	it
38	42	35	new	it
38	43	36	population's	it
38	44	36	population's	it
38	45	37	culture	it
38	46	38	doesn't	NA
38	47	38	doesn't	NA
38	48	39	necessarily	NA
38	49	40	change.	NA
38	50	40	change.	NA
39	0	0	Police	NA
39	1	1	in	NA
39	2	2	Georgia	NA
39	3	3	have	NA
39	4	4	shut	NA
39	5	5	down	NA
39	6	6	a	it,
39	7	7	lemonade	it,
39	8	7	lemonade	it,
39	9	8	stand	it,
39	10	9	run	it,
39	11	10	by	it,
39	12	11	three	it,
39	13	12	girls	it,
39	14	13	trying	it,
39	15	14	to	it,
39	16	15	save	it,
39	17	16	up	it,
39	18	17	for	it,
39	19	18	a	it,
39	20	19	trip	it,
39	21	20	to	it,
39	22	21	a	it,
39	23	22	water	it,
39	24	23	park,	it,
39	25	23	park,	it,
39	26	24	saying	NA
39	27	25	they	NA
39	28	26	didn't	NA
39	29	26	didn't	NA
39	30	27	have	NA
39	31	28	a	NA
39	32	29	business	NA
39	33	30	license	NA
39	34	31	or	NA
39	35	32	the	NA
39	36	33	required	NA
39	37	34	permits.	NA
39	38	34	permits.	NA
39	39	35	Morningstar	NA
39	40	35	Morningstar	NA
39	41	36	says	NA
39	42	37	police	NA
39	43	38	also	NA
39	44	39	didn't	NA
39	45	39	didn't	NA
39	46	40	know	NA
39	47	41	how	NA
39	48	42	the	NA
39	49	43	lemonade	NA
39	50	43	lemonade	NA
39	51	44	was	NA
39	52	45	made.	NA
39	53	45	made.	NA
40	0	0	Research	It
40	1	1	showing	It
40	2	2	that	It
40	3	3	a	It
40	4	4	tiny	It
40	5	5	European	It
40	6	6	river	It
40	7	7	bug	It
40	8	8	called	It
40	9	9	the	It
40	10	10	water	It
40	11	11	boatman	It
40	12	11	boatman	It
40	13	12	may	It
40	14	13	be	It
40	15	14	the	It
40	16	15	loudest	It
40	17	15	loudest	It
40	18	16	animal	It
40	19	17	on	It
40	20	18	earth	It
40	21	19	for	It
40	22	20	its	It
40	23	21	size	It
40	24	22	has	NA
40	25	23	some	its.
40	26	24	interesting	its.
40	27	25	sidebars.	its.
40	28	25	sidebars.	its.
40	29	25	sidebars.	its.
40	30	26	The	NA
40	31	27	insect	NA
40	32	28	is	NA
40	33	29	just	NA
40	34	30	two	NA
40	35	31	millimeters	NA
40	36	31	millimeters	NA
40	37	32	long	NA
40	38	33	and	NA
40	39	34	yet	NA
40	40	35	produces	NA
40	41	36	an	it.
40	42	37	underwater	it.
40	43	38	call	it.
40	44	39	that	it.
40	45	40	has	it.
40	46	41	been	it.
40	47	42	measured	it.
40	48	43	at	it.
40	49	44	99.2	it.
40	50	44	99.2	it.
40	51	44	99.2	it.
40	52	45	decibels.	it.
40	53	45	decibels.	it.
40	54	45	decibels.	it.
40	55	45	decibels.	it.
41	0	0	There	NA
41	1	1	often	NA
41	2	2	seems	NA
41	3	3	to	NA
41	4	4	be	NA
41	5	5	more	NA
41	6	6	diving	it
41	7	7	in	NA
41	8	8	soccer	it
41	9	9	than	NA
41	10	10	in	NA
41	11	11	the	it.
41	12	12	Summer	it.
41	13	13	Olympics.	it.
41	14	13	Olympics.	it.
41	15	14	Phantom	It,
41	16	15	contact,	It,
41	17	15	contact,	It,
41	18	16	or	NA
41	19	17	the	it,
41	20	18	slightest	it,
41	21	19	collision,	it,
41	22	19	collision,	it,
41	23	20	can	NA
41	24	21	lead	NA
41	25	22	to	NA
41	26	23	theatrical	them
41	27	24	belly	them
41	28	25	flops	them
41	29	25	flops	them
41	30	26	and	NA
41	31	27	exaggerated	them.
41	32	28	somersaults	them.
41	33	28	somersaults	them.
41	34	28	somersaults	them.
41	35	29	by	them.
41	36	30	players	them.
41	37	31	deceptively	them.
41	38	31	deceptively	them.
41	39	31	deceptively	them.
41	40	32	trying	them.
41	41	33	to	them.
41	42	34	draw	them.
41	43	35	fouls	them.
41	44	35	fouls	them.
41	45	36	on	them.
41	46	37	their	them.
41	47	38	opponents,	them.
41	48	38	opponents,	them.
41	49	39	kill	them.
41	50	40	time	them.
41	51	41	or	them.
41	52	42	catch	them.
41	53	43	a	them.
41	54	44	breather	them.
41	55	44	breather	them.
41	56	45	when	them.
41	57	46	tired.	them.
41	58	46	tired.	them.
42	0	0	Proper	It
42	1	0	Proper	It
42	2	1	ventilation	It
42	3	2	will	NA
42	4	3	make	NA
42	5	4	a	it
42	6	5	backdraft	it
42	7	5	backdraft	it
42	8	6	less	NA
42	9	7	likely.	NA
42	10	7	likely.	NA
42	11	8	Opening	NA
42	12	9	a	it
42	13	10	room	it
42	14	11	or	it
42	15	12	building	it
42	16	13	at	NA
42	17	14	the	its
42	18	15	highest	its
42	19	16	point	its
42	20	17	allows	NA
42	21	18	heated	they
42	22	19	gases	they
42	23	20	and	NA
42	24	21	smoke	it
42	25	22	to	NA
42	26	23	be	NA
42	27	24	released	NA
42	28	25	gradually.	NA
42	29	25	gradually.	NA
42	30	26	However,	NA
42	31	26	However,	NA
42	32	27	suddenly	NA
42	33	28	breaking	NA
42	34	29	a	NA
42	35	30	window	NA
42	36	31	or	NA
42	37	32	opening	NA
42	38	33	a	NA
42	39	34	door	NA
42	40	35	is	NA
42	41	36	a	NA
42	42	37	mistake,	NA
42	43	37	mistake,	NA
42	44	38	because	NA
42	45	39	it	NA
42	46	40	allows	NA
42	47	41	oxygen	it
42	48	42	to	NA
42	49	43	rush	NA
42	50	44	in,	NA
42	51	44	in,	NA
42	52	45	causing	NA
42	53	46	an	it.
42	54	47	explosion.	it.
42	55	47	explosion.	it.
43	0	0	The	It
43	1	1	first	It
43	2	2	step	It
43	3	3	to	It
43	4	4	be	It
43	5	5	taken	It
43	6	6	in	It
43	7	7	studying	It
43	8	8	the	It
43	9	9	history	It
43	10	10	of	It
43	11	11	our	It
43	12	12	country	It
43	13	13	is	NA
43	14	14	to	NA
43	15	15	form	NA
43	16	16	some	it.
43	17	17	clear	it.
43	18	18	and	it.
43	19	19	proper	it.
43	20	20	conception	it.
43	21	21	of	it.
43	22	22	the	it.
43	23	23	characteristics	it.
43	24	24	and	it.
43	25	25	condition	it.
43	26	26	of	it.
43	27	27	the	it.
43	28	28	territory	it.
43	29	29	which	it.
43	30	30	is	it.
43	31	31	now	it.
43	32	32	occupied	it.
43	33	33	by	it.
43	34	34	the	it.
43	35	35	American	it.
43	36	36	people,	it.
43	37	36	people,	it.
43	38	37	as	it.
43	39	38	it	it.
43	40	39	existed	it.
43	41	40	when	it.
43	42	41	first	it.
43	43	42	discovered	it.
43	44	43	and	it.
43	45	44	explored	it.
43	46	45	by	it.
43	47	46	Europeans.	it.
43	48	46	Europeans.	it.
44	0	0	Susan	NA
44	1	1	B.	NA
44	2	1	B.	NA
44	3	2	Anthony	NA
44	4	3	spent	NA
44	5	4	nearly	herself
44	6	5	sixty	herself
44	7	6	years	herself
44	8	7	of	herself
44	9	8	her	herself
44	10	9	life	herself
44	11	10	devoted	NA
44	12	11	to	NA
44	13	12	the	it.
44	14	13	cause	it.
44	15	14	of	it.
44	16	15	social	it.
44	17	16	justice	it.
44	18	17	and	it.
44	19	18	equality	it.
44	20	19	for	it.
44	21	20	all.	it.
44	22	20	all.	it.
44	23	21	Her	They
44	24	22	major	They
44	25	23	contributions	They
44	26	24	were	NA
44	27	25	focused	NA
44	28	26	on	NA
44	29	27	womenÕs	them.
44	30	27	womenÕs	them.
44	31	27	womenÕs	them.
44	32	27	womenÕs	them.
44	33	28	rights.	them.
44	34	28	rights.	them.
44	35	29	Her	It
44	36	30	primary	It
44	37	31	achievement	It
44	38	32	lay	NA
44	39	33	in	NA
44	40	34	her	it.
44	41	35	inspiration	it.
44	42	36	and	it.
44	43	37	influence	it.
44	44	38	of	it.
44	45	39	thousands	it.
44	46	40	of	it.
44	47	41	people	it.
44	48	42	promoting	it.
44	49	43	the	it.
44	50	44	right	it.
44	51	45	of	it.
44	52	46	women	it.
44	53	47	to	it.
44	54	48	vote.	it.
44	55	48	vote.	it.
45	0	0	As	NA
45	1	1	Earth	NA
45	2	2	warms	NA
45	3	2	warms	NA
45	4	3	due	NA
45	5	4	to	NA
45	6	5	the	it,
45	7	6	human-caused	it,
45	8	6	human-caused	it,
45	9	6	human-caused	it,
45	10	6	human-caused	it,
45	11	7	release	it,
45	12	8	of	it,
45	13	9	heat-trapping	it,
45	14	9	heat-trapping	it,
45	15	9	heat-trapping	it,
45	16	9	heat-trapping	it,
45	17	10	gases	it,
45	18	11	into	it,
45	19	12	the	it,
45	20	13	atmosphere,	it,
45	21	13	atmosphere,	it,
45	22	14	frozen	NA
45	23	15	Arctic	NA
45	24	16	soils	NA
45	25	17	also	NA
45	26	18	warm,	NA
45	27	18	warm,	NA
45	28	19	thaw	NA
45	29	19	thaw	NA
45	30	20	and	NA
45	31	21	release	NA
45	32	22	more	NA
45	33	23	carbon	NA
45	34	24	dioxide.	NA
45	35	24	dioxide.	NA
45	36	25	The	NA
45	37	26	added	NA
45	38	27	carbon	NA
45	39	28	dioxide	NA
45	40	29	accelerates	NA
45	41	29	accelerates	NA
45	42	30	Earth's	it,
45	43	30	Earth's	it,
45	44	31	warming,	it,
45	45	31	warming,	it,
45	46	32	which	NA
45	47	33	further	NA
45	48	34	accelerates	NA
45	49	34	accelerates	NA
45	50	35	the	it
45	51	36	thawing	it
45	52	36	thawing	it
45	53	36	thawing	it
45	54	37	of	it
45	55	38	Arctic	it
45	56	39	soils	it
45	57	40	and	NA
45	58	41	the	NA
45	59	42	release	NA
45	60	43	of	NA
45	61	44	even	NA
45	62	45	more	NA
45	63	46	carbon	NA
45	64	47	dioxide.	NA
45	65	47	dioxide.	NA
46	0	0	Unfortunately,	NA
46	1	0	Unfortunately,	NA
46	2	1	for	NA
46	3	2	every	us,
46	4	3	six	us,
46	5	4	water	us,
46	6	5	bottles	us,
46	7	6	we	us,
46	8	7	use,	us,
46	9	7	use,	us,
46	10	8	only	it
46	11	9	one	it
46	12	10	makes	NA
46	13	11	it	NA
46	14	12	to	NA
46	15	13	the	it.
46	16	14	recycling	it.
46	17	15	bin.	it.
46	18	15	bin.	it.
46	19	16	The	NA
46	20	17	rest	NA
46	21	18	are	NA
46	22	19	sent	NA
46	23	20	to	NA
46	24	21	landfills	them
46	25	21	landfills	them
46	26	21	landfills	them
46	27	22	or,	NA
46	28	22	or,	NA
46	29	23	even	NA
46	30	24	worse,	NA
46	31	24	worse,	NA
46	32	25	they	NA
46	33	26	end	NA
46	34	27	up	NA
46	35	28	as	NA
46	36	29	trash	it
46	37	30	on	NA
46	38	31	the	it
46	39	32	land	it
46	40	33	and	NA
46	41	34	in	NA
46	42	35	rivers,	them,
46	43	35	rivers,	them,
46	44	36	lakes,	them,
46	45	36	lakes,	them,
46	46	37	and	NA
46	47	38	the	it.
46	48	39	ocean.	it.
46	49	39	ocean.	it.
46	50	40	Plastic	They
46	51	41	bottles	They
46	52	42	take	NA
46	53	43	many	them
46	54	44	hundreds	them
46	55	45	of	them
46	56	46	years	them
46	57	47	to	NA
46	58	48	disintegrate.	NA
46	59	48	disintegrate.	NA
46	60	48	disintegrate.	NA
47	0	0	As	NA
47	1	1	in	NA
47	2	2	the	NA
47	3	3	United	NA
47	4	4	States,	NA
47	5	4	States,	NA
47	6	5	Colombian	it
47	7	6	legislation	it
47	8	7	requires	NA
47	9	8	travelers	them
47	10	9	entering	them
47	11	10	the	them
47	12	11	country	them
47	13	12	to	NA
47	14	13	declare	NA
47	15	14	cash	it.
47	16	15	in	it.
47	17	16	excess	it.
47	18	17	of	it.
47	19	18	ten	it.
47	20	19	thousand	it.
47	21	20	dollars.	it.
47	22	20	dollars.	it.
47	23	21	Concealing	NA
47	24	21	Concealing	NA
47	25	22	more	NA
47	26	23	than	NA
47	27	24	that	NA
47	28	25	amount	NA
47	29	26	to	NA
47	30	27	transport	NA
47	31	28	it	NA
47	32	29	into	NA
47	33	30	or	NA
47	34	31	out	NA
47	35	32	of	NA
47	36	33	the	NA
47	37	34	country	NA
47	38	35	is	NA
47	39	36	a	it.
47	40	37	crime	it.
47	41	38	punishable	it.
47	42	39	by	it.
47	43	40	up	it.
47	44	41	to	it.
47	45	42	five	it.
47	46	43	years	it.
47	47	44	in	it.
47	48	45	prison	it.
47	49	46	in	it.
47	50	47	the	it.
47	51	48	United	it.
47	52	49	States.	it.
47	53	49	States.	it.
48	0	0	For	NA
48	1	1	centuries,	them,
48	2	1	centuries,	them,
48	3	2	time	it
48	4	3	was	NA
48	5	4	measured	NA
48	6	5	by	NA
48	7	6	the	it
48	8	7	position	it
48	9	8	of	it
48	10	9	the	it
48	11	10	sun	it
48	12	11	with	NA
48	13	12	the	them.
48	14	13	use	them.
48	15	14	of	them.
48	16	15	sundials.	them.
48	17	15	sundials.	them.
48	18	15	sundials.	them.
48	19	16	Noon	It
48	20	17	was	NA
48	21	18	recognized	NA
48	22	19	when	NA
48	23	20	the	NA
48	24	21	sun	NA
48	25	22	was	NA
48	26	23	the	NA
48	27	24	highest	NA
48	28	25	in	NA
48	29	26	the	it,
48	30	27	sky,	it,
48	31	27	sky,	it,
48	32	28	and	NA
48	33	29	cities	NA
48	34	30	would	NA
48	35	31	set	NA
48	36	32	their	them
48	37	33	clock	them
48	38	34	by	NA
48	39	35	this	it,
48	40	36	apparent	it,
48	41	37	solar	it,
48	42	38	time,	it,
48	43	38	time,	it,
48	44	39	even	NA
48	45	40	though	NA
48	46	41	some	they
48	47	42	cities	they
48	48	43	would	NA
48	49	44	often	NA
48	50	45	be	NA
48	51	46	on	NA
48	52	47	a	it.
48	53	48	slightly	it.
48	54	49	different	it.
48	55	50	time.	it.
48	56	50	time.	it.
49	0	0	When	NA
49	1	1	the	NA
49	2	2	new	NA
49	3	3	world	NA
49	4	4	was	NA
49	5	5	first	NA
49	6	6	discovered	NA
49	7	7	it	NA
49	8	8	was	NA
49	9	9	found	NA
49	10	10	to	NA
49	11	11	be,	NA
49	12	11	be,	NA
49	13	12	like	NA
49	14	13	the	NA
49	15	14	old,	NA
49	16	14	old,	NA
49	17	15	well	NA
49	18	16	stocked	NA
49	19	17	with	NA
49	20	18	plants	NA
49	21	19	and	NA
49	22	20	animals,	NA
49	23	20	animals,	NA
49	24	21	and	NA
49	25	22	inhabited	NA
49	26	23	by	NA
49	27	24	a	them;
49	28	25	great	them;
49	29	26	many	them;
49	30	27	tribes	them;
49	31	28	and	them;
49	32	29	nations	them;
49	33	30	of	them;
49	34	31	men;	them;
49	35	31	men;	them;
49	36	32	and	NA
49	37	33	yet	NA
49	38	34	the	NA
49	39	35	plants	they
49	40	36	and	NA
49	41	37	animals,	NA
49	42	37	animals,	NA
49	43	38	if	NA
49	44	39	not	NA
49	45	40	the	NA
49	46	41	men,	NA
49	47	41	men,	NA
49	48	42	were	NA
49	49	43	all	NA
49	50	44	essentially	NA
49	51	45	different	NA
49	52	46	from	NA
49	53	47	those	NA
49	54	48	known	NA
49	55	49	in	NA
49	56	50	the	NA
49	57	51	old	NA
49	58	52	world.	NA
49	59	52	world.	NA
50	0	0	American	It
50	1	1	industry	It
50	2	2	may	NA
50	3	3	not	NA
50	4	4	know	NA
50	5	5	it,	NA
50	6	5	it,	NA
50	7	6	but	NA
50	8	7	debate	it
50	9	8	in	it
50	10	9	Congress	it
50	11	10	over	it
50	12	11	reforming	it
50	13	12	the	it
50	14	13	federal	it
50	15	14	government's	it
50	16	14	government's	it
50	17	15	regulatory	it
50	18	16	apparatus	it
50	19	17	may	NA
50	20	18	profoundly	NA
50	21	19	improve	NA
50	22	20	companies'	their.
50	23	20	companies'	their.
50	24	21	ability	their.
50	25	22	to	their.
50	26	23	survive.	their.
50	27	23	survive.	their.
50	28	24	This	It
50	29	25	week	It
50	30	26	the	it
50	31	27	Senate	it
50	32	28	seems	NA
50	33	29	poised	NA
50	34	30	to	NA
50	35	31	join	NA
50	36	32	the	NA
50	37	33	House	NA
50	38	34	in	NA
50	39	35	a	it.
50	40	36	massive	it.
50	41	37	overhaul	it.
50	42	38	of	it.
50	43	39	the	it.
50	44	40	way	it.
50	45	41	in	it.
50	46	42	which	it.
50	47	43	bureaucrats	it.
50	48	44	enact	it.
50	49	45	regulations	it.
50	50	46	that	it.
50	51	47	are	it.
50	52	48	strangling	it.
50	53	48	strangling	it.
50	54	49	the	it.
50	55	50	life	it.
50	56	51	out	it.
50	57	52	of	it.
50	58	53	companies.	it.
50	59	53	companies.	it.
51	0	0	Stress	NA
51	1	0	Stress	NA
51	2	1	is	NA
51	3	2	a	NA
51	4	3	risk	NA
51	5	4	factor	NA
51	6	5	for	NA
51	7	6	both	NA
51	8	7	depression	NA
51	9	8	and	NA
51	10	9	anxiety,	NA
51	11	9	anxiety,	NA
51	12	10	he	NA
51	13	11	says.	NA
51	14	11	says.	NA
51	15	12	"We	NA
51	16	12	"We	NA
51	17	13	don't	NA
51	18	13	don't	NA
51	19	14	have	NA
51	20	15	data	it
51	21	16	on	it
51	22	17	the	it
51	23	18	specific	it
51	24	19	causes	it
51	25	20	of	it
51	26	21	depression	it
51	27	22	and	it
51	28	23	anxiety	it
51	29	24	in	NA
51	30	25	this	it,
51	31	26	sample,	it,
51	32	26	sample,	it,
51	33	27	but	NA
51	34	28	it	NA
51	35	29	does	NA
51	36	30	make	NA
51	37	31	sense	NA
51	38	32	scientifically	NA
51	39	33	that	NA
51	40	34	the	they
51	41	35	Millennials	they
51	42	36	who	they
51	43	37	report	they
51	44	38	higher	they
51	45	39	levels	they
51	46	40	of	they
51	47	41	stress	they
51	48	42	in	they
51	49	43	their	they
51	50	44	lives	they
51	51	45	are	NA
51	52	46	also	NA
51	53	47	reporting	NA
51	54	48	higher	them.
51	55	49	levels	them.
51	56	50	of	them.
51	57	51	depression	them.
51	58	52	and	them.
51	59	53	anxiety.	them.
51	60	53	anxiety.	them.
52	0	0	When	NA
52	1	1	it	NA
52	2	2	comes	NA
52	3	3	to	NA
52	4	4	having	NA
52	5	5	a	it,
52	6	6	lasting	it,
52	7	7	and	it,
52	8	8	fulfilling	it,
52	9	9	relationship,	it,
52	10	9	relationship,	it,
52	11	10	common	it
52	12	11	wisdom	it
52	13	12	says	NA
52	14	13	that	NA
52	15	14	feeling	NA
52	16	15	close	NA
52	17	16	to	NA
52	18	17	your	them
52	19	18	romantic	them
52	20	19	partner	them
52	21	20	is	NA
52	22	21	paramount.	NA
52	23	21	paramount.	NA
52	24	22	But	NA
52	25	23	a	it
52	26	24	new	it
52	27	25	study	it
52	28	26	finds	NA
52	29	27	that	NA
52	30	28	it's	NA
52	31	28	it's	NA
52	32	29	not	NA
52	33	30	how	NA
52	34	31	close	NA
52	35	32	you	NA
52	36	33	feel	NA
52	37	34	that	NA
52	38	35	matters	NA
52	39	36	most,	NA
52	40	36	most,	NA
52	41	37	it's	NA
52	42	37	it's	NA
52	43	38	whether	NA
52	44	39	you	NA
52	45	40	are	NA
52	46	41	as	NA
52	47	42	close	NA
52	48	43	as	NA
52	49	44	you	NA
52	50	45	want	NA
52	51	46	to	NA
52	52	47	be,	NA
52	53	47	be,	NA
52	54	48	even	NA
52	55	49	if	NA
52	56	50	that's	NA
52	57	50	that's	NA
52	58	51	really	NA
52	59	52	not	NA
52	60	53	close	NA
52	61	54	at	NA
52	62	55	all.	NA
52	63	55	all.	NA
53	0	0	At	NA
53	1	1	the	it
53	2	2	time	it
53	3	3	the	NA
53	4	4	French	NA
53	5	5	crown	NA
53	6	6	secured	NA
53	7	7	much	NA
53	8	8	of	NA
53	9	9	its	its
53	10	10	revenue	its
53	11	11	by	NA
53	12	12	issuing	NA
53	13	13	government	NA
53	14	14	bonds.	NA
53	15	14	bonds.	NA
53	16	15	In	NA
53	17	16	1727,	it,
53	18	16	1727,	it,
53	19	16	1727,	it,
53	20	17	in	NA
53	21	18	order	NA
53	22	19	to	NA
53	23	20	save	NA
53	24	21	money,	it,
53	25	21	money,	it,
53	26	22	the	NA
53	27	23	state	NA
53	28	24	cut	NA
53	29	25	the	its.
53	30	26	bondsÕ	its.
53	31	26	bondsÕ	its.
53	32	26	bondsÕ	its.
53	33	27	interest	its.
53	34	28	rate.	its.
53	35	28	rate.	its.
53	36	29	The	It
53	37	30	market	It
53	38	31	value	It
53	39	32	of	It
53	40	33	these	It
53	41	34	bonds	It
53	42	35	plummeted,	NA
53	43	35	plummeted,	NA
53	44	36	and	NA
53	45	37	the	they
53	46	38	market	they
53	47	39	became	NA
53	48	40	wary	NA
53	49	41	of	NA
53	50	42	French	it.
53	51	43	credit.	it.
53	52	43	credit.	it.
53	53	44	The	NA
53	54	45	French	NA
53	55	46	state	NA
53	56	47	was	NA
53	57	48	left	NA
53	58	49	without	NA
53	59	50	an	it.
53	60	51	easy	it.
53	61	52	way	it.
53	62	53	of	it.
53	63	54	raising	it.
53	64	55	money.	it.
53	65	55	money.	it.
54	0	0	Voltaire	NA
54	1	0	Voltaire	NA
54	2	0	Voltaire	NA
54	3	1	himself	NA
54	4	2	probably	NA
54	5	3	won	NA
54	6	4	around	NA
54	7	5	half	NA
54	8	6	a	NA
54	9	7	million	NA
54	10	8	livres,	NA
54	11	8	livres,	NA
54	12	8	livres,	NA
54	13	9	a	NA
54	14	10	large	NA
54	15	11	fortune,	NA
54	16	11	fortune,	NA
54	17	12	which	NA
54	18	13	he	NA
54	19	14	then	NA
54	20	15	made	NA
54	21	16	even	NA
54	22	17	larger	NA
54	23	18	in	NA
54	24	19	a	NA
54	25	20	series	NA
54	26	21	of	NA
54	27	22	canny	NA
54	28	22	canny	NA
54	29	23	investments.	NA
54	30	23	investments.	NA
54	31	24	Soon	NA
54	32	25	Voltaire	NA
54	33	25	Voltaire	NA
54	34	26	was	NA
54	35	27	a	NA
54	36	28	very	NA
54	37	29	rich	NA
54	38	30	man,	NA
54	39	30	man,	NA
54	40	31	rich	NA
54	41	32	enough	NA
54	42	33	to	NA
54	43	34	become	NA
54	44	35	a	it,
54	45	36	moneylender	it,
54	46	36	moneylender	it,
54	47	36	moneylender	it,
54	48	37	to	it,
54	49	38	the	it,
54	50	39	powerful	it,
54	51	40	and	it,
54	52	41	famous,	it,
54	53	41	famous,	it,
54	54	42	rich	NA
54	55	43	enough	NA
54	56	44	that	NA
54	57	45	he	NA
54	58	46	no	NA
54	59	47	longer	NA
54	60	48	had	NA
54	61	49	to	NA
54	62	50	stake	NA
54	63	51	his	NA
54	64	52	financial	NA
54	65	53	well-being	NA
54	66	53	well-being	NA
54	67	53	well-being	NA
54	68	54	on	NA
54	69	55	that	it,
54	70	56	most	it,
54	71	57	unreliable	it,
54	72	58	and	it,
54	73	59	detestable	it,
54	74	59	detestable	it,
54	75	59	detestable	it,
54	76	60	profession,	it,
54	77	60	profession,	it,
54	78	61	writing.	NA
54	79	61	writing.	NA
