model,context,n_datasets,mean_dll_orig,mean_pct_worse_linking,mean_pct_worse_singleton,sd_pct_worse_linking,sd_pct_worse_singleton
gpt2,1,8,0.009549310656937121,-1.8423813002884282,0.9549921842074461,2.0084011774987274,4.056746037497483
gpt2,2,9,0.017651263710536786,4.63546270394366,9.772784949924926,8.146358804554215,5.958520067202229
gpt2,3,9,0.018936770165780378,3.427705540642226,9.996649214369663,2.482457562622956,8.38160569558582
gpt2,4,9,0.01833707217494475,2.5117806778872462,15.534245027696233,4.815801209803997,12.323486261041088
gpt2,5,9,0.0186841607711783,0.7745488381034408,11.682726712661177,7.831488464049262,9.872070709409531
gpt2,6,9,0.01910375336262367,2.25854966147916,10.884818063777583,8.248047314794668,8.518779485302426
gpt2,7,9,0.019475595256861253,-6.602219760197154,9.511343740942753,22.07493641370114,7.472932617453127
gpt2,10,9,0.02116460212202241,-6.029287579939446,-11.857148044958802,28.165691956316593,48.691767539456144
gpt2,12,9,0.02188036037018881,0.6028955580599865,-7.053054221631574,21.133810038592486,37.44020626417837
gpt2,16,9,0.023338021216135423,-6.978952647141988,-18.87419283233601,38.148069780332065,54.19913352683347
gpt2,20,9,0.024569724193438572,-0.3650293434030437,-8.154573087478687,31.43917199068693,34.00098545845729
gpt2,25,9,0.02619268423719215,4.277420845418678,-6.689453588085818,26.508140547061757,29.065304442699833
gpt2,32,9,0.027792934234926205,11.84724339590159,-0.31620483382262304,21.68123689436299,19.24193687543324
gpt2,40,9,0.028755243621627336,15.871335482886069,0.9126199763408288,16.776210888791347,18.46556170936885
gpt2,50,9,0.03015276320354145,16.693802429412685,1.7382487391391255,17.26749312816746,17.010093069481275
gpt2,64,9,0.03086613795120431,18.75008477550588,-1.8534501002929098,17.63559058457984,20.807223985117435
gpt2,80,9,0.03188052247207357,22.36092334004713,-0.3031551809260178,14.666906986787499,21.825632670914903
gpt2,100,9,0.03292000652500213,25.027974583820868,0.016612606642474423,12.6710251447335,22.778340721243175
gpt2,128,6,0.02875985356546793,29.642967088273473,-0.13965614045429295,11.494227409304862,15.124646680423202
gpt2,160,6,0.02929233996087968,30.374764826923908,-1.5917903767337749,10.653128478090387,15.461072844225798
gpt2,200,6,0.030397428403782265,30.577631797891865,-0.7698984697265671,10.132285385809562,12.880595391494206
gpt2,256,6,0.030949115103165805,32.36541885354541,1.5855210416889831,9.054411720675258,10.14147104594341
gpt2,320,6,0.031226977014149813,33.43158731993286,1.5239478086422422,8.427699441828558,9.459818948771831
gpt2,400,6,0.0315962726911065,33.09494536099176,1.679531050657826,7.8025822484598875,9.167457019317014
gpt2,512,6,0.032121730137898964,33.89692724583212,3.3986771443919954,8.189191623892137,8.298873049036589
gpt2,640,6,0.03217974203300686,33.83452287172873,3.3315650144654563,7.8596867146098734,7.698220739022791
gpt2,800,6,0.03227883355560431,34.307262511603724,3.937512882616809,7.980136487025851,7.46797701096127
gpt2,1023,6,0.03215811695537921,34.56453544157073,4.196091027334023,7.846356730010182,7.053054727185613
gpt2-medium,1,7,0.017309695062193566,0.06288473613186592,3.2157670302275547,5.684780724145771,3.4944046819016723
gpt2-medium,2,9,0.017673342049664628,4.442404970151298,10.869065474844062,8.153239226238703,6.449565192435497
gpt2-medium,3,9,0.01804301167538306,5.627369040475053,8.980213594239734,5.164398677248622,6.999878708452589
gpt2-medium,4,9,0.017400731229288927,4.533148051519456,12.77697462140759,5.41665383398534,7.655849259044417
gpt2-medium,5,9,0.017597555853550068,1.3118320617418062,9.885205265901272,8.008015397792995,6.319434438973186
gpt2-medium,6,9,0.017874725186308622,2.738232996097894,10.514761536183832,5.610482261447577,6.602253206370521
gpt2-medium,7,9,0.017825030440471578,-7.794939972753892,6.983549954357607,16.65192235875721,7.06558639624116
gpt2-medium,10,9,0.01922146310967805,-0.40787702752518273,2.062975584521651,13.156347280518474,13.515616078724637
gpt2-medium,12,9,0.019800233671049515,2.5983302709994125,2.9364219045546553,11.252517668658168,14.68142363539837
gpt2-medium,16,9,0.021209821596819754,3.0090391406444916,-8.001927854212926,11.048531557262855,24.092938076698864
gpt2-medium,20,9,0.022835799510693353,4.185529190641544,-2.404592272055791,19.781643646171762,16.634246905116076
gpt2-medium,25,9,0.024436911337391624,10.249016951452013,-4.961339514112345,19.99826997872356,22.039820543283017
gpt2-medium,32,9,0.026144407557431776,16.825634071029665,2.35491860540565,15.979651243986103,12.431232218062947
gpt2-medium,40,9,0.027259179013722896,19.90407362547813,4.156741442900181,14.073996760973545,11.070681070639914
gpt2-medium,50,9,0.028857806505498258,19.786433961532737,4.563796520415357,14.674920014947904,11.75377182132065
gpt2-medium,64,9,0.029658300002573697,22.51582145690213,1.9386788224733964,15.77030043554335,12.925888941486384
gpt2-medium,80,9,0.030695555837638628,25.655274171372728,3.2441987086107953,14.089348982895403,12.585166887824247
gpt2-medium,100,9,0.031799366329409356,27.121820803399277,4.1652500338269896,13.392053292405253,14.38093833162298
gpt2-medium,128,6,0.028993104148715778,33.17479543958309,2.348371055582103,13.15908498417021,8.300447327250762
gpt2-medium,160,6,0.02963320833903169,34.43398269338698,3.3709512087884574,12.422438927564524,6.663176749445392
gpt2-medium,200,6,0.030639040204411112,35.24925004524699,4.229240437178522,10.923843532813029,6.798288385458348
gpt2-medium,256,6,0.031066073744096163,35.39800644357716,4.257352371010712,11.867068922685899,7.413027023013579
gpt2-medium,320,6,0.031290606374645466,35.85144144440426,4.385321417111904,11.144986074462867,9.211165284958891
gpt2-medium,400,6,0.03184327174722056,35.933685205993804,4.078317998468611,10.9560478255525,9.9867178453186
gpt2-medium,512,6,0.0324264038010805,36.211858546483725,5.280534696793973,11.658062007478895,8.490133831509327
gpt2-medium,640,6,0.03253934314283432,36.428869928873944,6.058679203894122,11.431748335262412,8.076662718515305
gpt2-medium,800,6,0.03250339731393454,36.515365901599864,6.033772554084361,11.56017462414812,7.931453580765629
gpt2-medium,1023,6,0.032260441196641454,36.68883615426207,6.270390583508728,11.024245086518631,8.040554353914555
gpt2-large,1,8,0.01759907679320946,7.913127223740535,13.140007963661096,20.807932705572863,29.759816005480722
gpt2-large,2,9,0.017830221315156457,3.9743977351007524,12.018954571830026,9.202460339831108,7.050933172281044
gpt2-large,3,9,0.016576400549925156,2.8564756622591716,9.71836313008992,5.292072743221738,7.326715621180067
gpt2-large,4,9,0.015530787570985092,0.9060351724515908,14.46844160975407,6.336349142976848,10.271087826912064
gpt2-large,5,9,0.01580203492014474,1.694346795250065,9.864884773967505,9.334196113094878,6.878794226571613
gpt2-large,6,9,0.016384879247686227,-0.6631309367275224,11.061788641738726,9.494339382078154,7.741685163197644
gpt2-large,7,9,0.01624639662657868,-11.855185901665845,8.608673444447305,26.004638286314453,6.405004185809145
gpt2-large,10,9,0.017874140655710444,2.4904012609843984,0.46143110997464465,15.362021872262808,13.97720228843141
gpt2-large,12,9,0.018450331350337548,5.183477748147264,1.260704199573499,13.21403566941909,16.964670054714123
gpt2-large,16,9,0.020024700095866585,5.100151811637323,-8.017806485119921,15.111653581212277,30.836529697043762
gpt2-large,20,9,0.021547192817653636,6.753523454990501,-2.130649669913084,21.173922383629815,21.915317086479675
gpt2-large,25,9,0.023214062384475157,13.054478393418417,-2.2621882370970465,18.831143149344058,24.793263799276474
gpt2-large,32,9,0.024300425452702636,14.763968210295559,2.2536785136890005,19.868643137600937,15.480693488017245
gpt2-large,40,9,0.025236285553357114,19.51970135707505,4.449296875274165,17.01140246312108,14.23565494526908
gpt2-large,50,9,0.026712088693489587,20.695477388679578,3.817227435445782,18.43970482417938,15.949220799310954
gpt2-large,64,9,0.027577262135476198,24.279352832627307,2.184562869242037,18.060523336397235,15.809958007999404
gpt2-large,80,9,0.028692129885545026,26.640564941483063,4.010790719818526,16.83602846251073,14.99102700784988
gpt2-large,100,9,0.029840438857363174,28.84778402275596,4.6779690333879955,15.317072639115597,16.2575558914526
gpt2-large,128,6,0.027336347516038976,35.666816808590966,3.482436114315944,13.725878821818364,8.748073565231232
gpt2-large,160,6,0.027741740183865195,36.20972559336828,2.4120798218334616,12.175885591991982,7.845188276917796
gpt2-large,200,6,0.02887938345701678,36.871225980666395,3.3576896095717395,10.530134320393278,9.825947766804791
gpt2-large,256,6,0.029303839539251874,36.73978939516741,3.0037928029203638,10.947308059821617,9.87029175138766
gpt2-large,320,6,0.029564991741959687,37.53372436703272,4.424923393198294,10.189918724216238,10.723758846718827
gpt2-large,400,6,0.030050493721391333,37.61477268000714,4.922157366255968,10.348231331913938,10.084242946335664
gpt2-large,512,6,0.030610546945160556,37.70033838038615,6.3607993022044145,10.988765841203838,9.101535785013418
gpt2-large,640,6,0.030590391656725967,38.098921384495355,7.234512714235795,10.163059701432923,8.90398490275337
gpt2-large,800,6,0.030586687133686834,38.28101541812523,7.0807431641692515,10.227776664714137,9.071971151189109
gpt2-large,1023,6,0.030487280813687227,38.530318918008376,7.569912433094825,9.927790019697174,8.956582225915461
gpt2-xl,1,9,0.01574637543788335,7.499413811686458,8.074983264277432,17.962845694367363,13.119696874025687
gpt2-xl,2,9,0.017281814136135182,26.252478702178298,43.34075537038968,74.71598657820769,95.81716268598558
gpt2-xl,3,9,0.016469117945171703,1.9538317146915585,8.872296528374854,4.345877475465167,7.157372957239964
gpt2-xl,4,9,0.014956761740148969,1.699274813027003,13.078027835445722,6.613913529938047,7.748193109659973
gpt2-xl,5,9,0.015116051949623656,3.7438951413661945,10.036434841684947,12.019453650224103,7.32147261286253
gpt2-xl,6,9,0.01520728203160056,3.0943632296270533,10.424481572202419,10.851275496558172,7.17166998390159
gpt2-xl,7,9,0.015299519417609507,-2.2916737358180024,6.2113738365756035,10.883962073867275,8.357605579552231
gpt2-xl,10,9,0.016223234726449397,1.5998326484145697,-8.328733782190184,13.895447057217464,21.4435863282423
gpt2-xl,12,9,0.016898009933595155,-0.16581341579009537,-3.271549239405275,12.768114640778238,17.64284065087713
gpt2-xl,16,9,0.018685331955594485,1.8274680968516055,-13.565696699786079,14.606762445360527,34.78230089369278
gpt2-xl,20,9,0.020310070596226634,4.695768013804329,-6.236374479805725,23.165193022024784,26.585245981587892
gpt2-xl,25,9,0.02190907995196607,12.012622043037323,-8.941672434151991,18.928477448058807,30.3552206357837
gpt2-xl,32,9,0.02301430866153453,14.023457458696862,-2.1053514532700595,20.376483976215777,18.776823841810206
gpt2-xl,40,9,0.023862827460890444,17.934365851482777,-1.589776798790346,16.725465851591,19.980041995671638
gpt2-xl,50,9,0.02530499108447744,17.603553746974185,-1.235553480500757,17.492741958929862,21.374551270441962
gpt2-xl,64,9,0.026013108224650344,20.014510897836804,-5.0851948176592225,16.637080978423764,24.309083304786625
gpt2-xl,80,9,0.027030609594577846,21.884869055255333,-1.1655997097988542,18.1925961582802,17.336111741372832
gpt2-xl,100,9,0.028159726144711093,24.94790174254141,-0.1942589806653048,16.943759510458307,18.286336836582162
gpt2-xl,128,6,0.025350353950483864,32.306134879826054,-1.6705874132924952,15.478260104294273,11.929494996165458
gpt2-xl,160,6,0.0256381278037996,32.60692041678867,-1.5174367638632436,14.74424549854452,10.642531321851195
gpt2-xl,200,6,0.026446207795787782,33.42466241055334,-1.7043607797346685,12.398731380750826,14.300232083551917
gpt2-xl,256,6,0.02687635421392154,33.826054664351204,-0.39988432179371075,12.728543523867456,12.91470791693105
gpt2-xl,320,6,0.027096219484022126,34.89433132514905,0.6167239651771679,12.322678022609361,14.513813997455154
gpt2-xl,400,6,0.027547812168751008,34.70396499963424,0.519116139488166,11.976087891147484,14.570928544856057
gpt2-xl,512,6,0.027921286095476387,35.08662890797206,2.3571952375673324,13.099791872850599,12.477727081756228
gpt2-xl,640,6,0.027881733557963993,35.76781024595222,3.004854113100193,12.36033677401704,12.25093915457439
gpt2-xl,800,6,0.027811698208911256,36.06732450972755,2.8564920159938647,12.614898927081208,11.945503109813636
gpt2-xl,1023,6,0.027758975754403812,36.32726199826175,3.1591383129170065,12.335465781573527,11.962326485863269
