"model","context","n_folds","mean_dll_no_unisurp","lower_ci_no_unisurp","upper_ci_no_unisurp","mean_dll_with_unisurp","lower_ci_with_unisurp","upper_ci_with_unisurp"
"gpt-j-6b",2,10,0.0638799238582367,0.0573365833702992,0.0704232643461742,0.0113320376780552,0.00491494758337414,0.0177491277727363
"gpt-j-6b",3,10,0.0579204988173243,0.0525119501786733,0.0633290474559753,0.0130724121907841,0.00935881292335451,0.0167860114582138
"gpt-j-6b",4,10,0.0544384503286255,0.0493081065004737,0.0595687941567773,0.0139320166164494,0.0101543454960073,0.0177096877368915
"gpt-j-6b",5,10,0.0462706089155743,0.0383576006656883,0.0541836171654604,0.010582467960035,0.00601122802696177,0.0151537078931082
"gpt-j-6b",6,10,0.0435056256803397,0.0354160716275959,0.0515951797330835,0.010139253244242,0.00539220153900351,0.0148863049494804
"gpt-j-6b",7,10,0.0421531016514253,0.0339482196299538,0.0503579836728969,0.0101959098179866,0.00533150554401675,0.0150603140919565
"gpt-j-6b",8,10,0.0419298568732282,0.033454861887401,0.0504048518590554,0.0105113802335884,0.00574909307980872,0.015273667387368
"gpt-j-6b",10,10,0.0432444055965155,0.0346062628607512,0.0518825483322797,0.012268955343169,0.00726654792836554,0.0172713627579725
"gpt-j-6b",12,10,0.040712457109628,0.033124315023806,0.0483005991954501,0.0118513588464115,0.0072053448825096,0.0164973728103135
"gpt-j-6b",16,10,0.0398908971550868,0.0314428676666463,0.0483389266435272,0.0132077839201213,0.00791629459582784,0.0184992732444147
"gpt-j-6b",20,10,0.0394136998649426,0.0308995515182987,0.0479278482115865,0.0140331059861493,0.00846586649752588,0.0196003454747728
"gpt-j-6b",25,10,0.041900831280362,0.0332771148051809,0.0505245477555431,0.0168461648444469,0.0108074929561855,0.0228848367327084
"gpt-j-6b",32,10,0.0429006213400829,0.0340984867394874,0.0517027559406784,0.0192761517587786,0.0129074440981456,0.0256448594194117
"gpt-j-6b",40,10,0.0426428552967357,0.0341551939473881,0.0511305166460833,0.0204071434566935,0.0138198576433354,0.0269944292700516
"gpt-j-6b",50,10,0.0457183939799543,0.036508742033841,0.0549280459260677,0.0240874065649025,0.0164955308621059,0.0316792822676991
"gpt-j-6b",64,10,0.0469592581397003,0.0376126542674585,0.056305862011942,0.0265019594222614,0.0187495220658792,0.0342543967786435
"gpt-j-6b",80,10,0.0495669884288738,0.0404140811914167,0.0587198956663308,0.0292481806654776,0.021227459534947,0.0372689017960082
"gpt-j-6b",100,10,0.0484063736606546,0.0402777990490012,0.056534948272308,0.0298588694551442,0.0224674025772276,0.0372503363330608
"gpt-j-6b",128,10,0.048859774383227,0.0406798002688199,0.057039748497634,0.0310669404196729,0.0233818953765442,0.0387519854628017
"gpt-j-6b",160,10,0.0468598688493709,0.0375736868943117,0.0561460508044301,0.0301186322641653,0.0215439442015571,0.0386933203267735
"gpt-j-6b",200,10,0.0473229661038325,0.038336847574963,0.056309084632702,0.0310623082288646,0.0227046150679778,0.0394200013897515
"gpt-j-6b",256,10,0.0471749495262782,0.0382749984743023,0.056074900578254,0.0314488320551261,0.0231911129361355,0.0397065511741168
"gpt-j-6b",320,10,0.0464445059805575,0.0379773602557198,0.0549116517053952,0.0312866245041544,0.0233605485174146,0.0392127004908943
"gpt-j-6b",400,10,0.0466940746461252,0.0382361665858272,0.0551519827064231,0.0320713609157154,0.0240761405304512,0.0400665813009795
"gpt-j-6b",512,10,0.0471139339804756,0.038608570863932,0.0556192970970191,0.032448050279464,0.0243743862845315,0.0405217142743964
"gpt-j-6b",640,10,0.0467735004666723,0.0383123876818678,0.0552346132514768,0.0321235996965243,0.0241979577720101,0.0400492416210385
"gpt-j-6b",800,10,0.0461823648397616,0.0377301743540147,0.0546345553255084,0.0317182164752895,0.0237274055260683,0.0397090274245106
"gpt-j-6b",1024,10,0.0452063800277645,0.0365122946969488,0.0539004653585802,0.0309333147568659,0.0227523559873698,0.039114273526362
"gpt-j-6b",2048,10,0.0452819882920839,0.0366059968897221,0.0539579796944457,0.0309329698961544,0.0227814353290935,0.0390845044632152
"gpt-neo-1.3b",2,10,0.0609577767992856,0.0548984956240485,0.0670170579745226,0.00887267412999397,0.00348869976978898,0.014256648490199
"gpt-neo-1.3b",3,10,0.056940073622865,0.0526135828941737,0.0612665643515563,0.0113865764213058,0.00688643195519508,0.0158867208874166
"gpt-neo-1.3b",4,10,0.0545819361137114,0.0491788891306473,0.0599849830967754,0.0128577042657245,0.00917980153226017,0.0165356069991888
"gpt-neo-1.3b",5,10,0.050711033907192,0.0446458072990309,0.0567762605153531,0.0123736738213184,0.00841057532060471,0.0163367723220321
"gpt-neo-1.3b",6,10,0.0479490993578799,0.041022031979981,0.0548761667357789,0.0118831989052401,0.00772924147191919,0.0160371563385609
"gpt-neo-1.3b",7,10,0.0445597294986883,0.036563747733198,0.0525557112641786,0.0106534985316354,0.00604882467787399,0.0152581723853968
"gpt-neo-1.3b",8,10,0.0452182263965439,0.0361637104179484,0.0542727423751393,0.0114133164902962,0.00629687075411489,0.0165297622264776
"gpt-neo-1.3b",10,10,0.0464232295034544,0.0369498179089064,0.0558966410980024,0.0132607734777279,0.0078973661325132,0.0186241808229427
"gpt-neo-1.3b",12,10,0.0464260033834207,0.0381231514546929,0.0547288553121485,0.0141803739799041,0.00943742253238362,0.0189233254274246
"gpt-neo-1.3b",16,10,0.0460913161313454,0.0372352852790604,0.0549473469836304,0.0157070603816815,0.0106811625747557,0.0207329581886073
"gpt-neo-1.3b",20,10,0.0467252875211079,0.037383601685272,0.0560669733569438,0.0169898598813304,0.0111471400249096,0.0228325797377512
"gpt-neo-1.3b",25,10,0.0505738875476739,0.0414993951472484,0.0596483799480994,0.0208254759412589,0.0146674031441547,0.0269835487383631
"gpt-neo-1.3b",32,10,0.0519356027730091,0.0419960292466416,0.0618751762993766,0.0236339455061138,0.0165682226570738,0.0306996683551538
"gpt-neo-1.3b",40,10,0.0524792945756276,0.0424369011463157,0.0625216880049396,0.0253336275911758,0.0176458436599054,0.0330214115224461
"gpt-neo-1.3b",50,10,0.0554970523611519,0.045179750099645,0.0658143546226587,0.0290067742539882,0.0207119490612618,0.0373015994467146
"gpt-neo-1.3b",64,10,0.0581706299784961,0.0472803186552646,0.0690609413017277,0.0324865003293855,0.0233900201622242,0.0415829804965468
"gpt-neo-1.3b",80,10,0.0608628255617596,0.0495886286541884,0.0721370224693309,0.0353247302082279,0.0254943089598128,0.0451551514566431
"gpt-neo-1.3b",100,10,0.0618325322982322,0.0522084599842824,0.071456604612182,0.037717359268816,0.0287104555268266,0.0467242630108054
"gpt-neo-1.3b",128,10,0.062253993033551,0.0523489331853892,0.0721590528817128,0.039090176921232,0.0295154663760898,0.0486648874663743
"gpt-neo-1.3b",160,10,0.0611631253082352,0.0503386111206142,0.0719876394958562,0.0390702506880428,0.0285106043380112,0.0496298970380744
"gpt-neo-1.3b",200,10,0.0625421992782961,0.0518499952119657,0.0732344033446265,0.040984382227417,0.0304546154769765,0.0515141489778574
"gpt-neo-1.3b",256,10,0.06201556710976,0.0512304972795004,0.0728006369400195,0.0410627411434417,0.0303898906664064,0.0517355916204769
"gpt-neo-1.3b",320,10,0.0609769125268766,0.0509347026902266,0.0710191223635266,0.040547315954826,0.0304174992961392,0.0506771326135129
"gpt-neo-1.3b",400,10,0.0606746865872989,0.0502420152639783,0.0711073579106194,0.0409684811971061,0.030571504790649,0.0513654576035631
"gpt-neo-1.3b",512,10,0.0614478055178502,0.0511805200124341,0.0717150910232662,0.0418436743566982,0.0315368051760737,0.0521505435373228
"gpt-neo-1.3b",640,10,0.060645535839665,0.0506667455634271,0.0706243261159029,0.0412149086342111,0.0311503269330369,0.0512794903353854
"gpt-neo-1.3b",800,10,0.0606587686803462,0.050680059369723,0.0706374779909694,0.0411002214164867,0.0310462164983906,0.0511542263345828
"gpt-neo-1.3b",1024,10,0.0598871875087609,0.0498375232333333,0.0699368517841885,0.0405086703319183,0.0304599085737315,0.0505574320901052
"gpt-neo-125m",2,10,0.0605523250576246,0.0536802650859159,0.0674243850293332,0.00711007765758304,0.00100044181250863,0.0132197135026575
"gpt-neo-125m",3,10,0.0592702635512772,0.0529458109241131,0.0655947161784412,0.0106164142112089,0.00539921827315165,0.0158336101492662
"gpt-neo-125m",4,10,0.0583364475803691,0.0536887941450445,0.0629841010156937,0.0126433737197449,0.0090534062802616,0.0162333411592283
"gpt-neo-125m",5,10,0.0569278625036773,0.0514851153268946,0.06237060968046,0.01347323326735,0.00939561164404693,0.017550854890653
"gpt-neo-125m",6,10,0.0544161171043465,0.0482569797538045,0.0605752544548885,0.0129449526941194,0.00854850361664,0.0173414017715987
"gpt-neo-125m",7,10,0.0548517316487143,0.0480209670742133,0.0616824962232152,0.0137885731939869,0.0091937436852922,0.0183834027026816
"gpt-neo-125m",8,10,0.0537482379890966,0.0461146192133028,0.0613818567648904,0.013616078919993,0.00863179094025269,0.0186003668997334
"gpt-neo-125m",10,10,0.0546822649956353,0.0459508829704197,0.063413647020851,0.0151493323164374,0.00975822070696728,0.0205404439259076
"gpt-neo-125m",12,10,0.0564642285933616,0.0471972169905206,0.0657312401962025,0.0171032493389887,0.0113852511766141,0.0228212475013633
"gpt-neo-125m",16,10,0.0559340688634787,0.0462432918727045,0.0656248458542529,0.0182055658914333,0.0123745427519533,0.0240365890309134
"gpt-neo-125m",20,10,0.0569698518343066,0.0467886437411631,0.06715105992745,0.0196536791697391,0.0130433059310073,0.0262640524084709
"gpt-neo-125m",25,10,0.0581545779391931,0.0475222305822899,0.0687869252960964,0.0216141248323338,0.0142721625214143,0.0289560871432533
"gpt-neo-125m",32,10,0.0594135483066716,0.0485209571539873,0.0703061394593559,0.0242269757067781,0.0161220688615084,0.0323318825520477
"gpt-neo-125m",40,10,0.0596020931684937,0.047717062244158,0.0714871240928294,0.0253184152532374,0.0160778313524511,0.0345589991540238
"gpt-neo-125m",50,10,0.0615396084520163,0.0478959475128819,0.0751832693911507,0.0282514638108905,0.0174206242179817,0.0390823034037992
"gpt-neo-125m",64,10,0.065020020607774,0.050813209621529,0.079226831594019,0.0321274928736466,0.0204976271848301,0.0437573585624631
"gpt-neo-125m",80,10,0.0664759390368628,0.0521469673440777,0.080804910729648,0.0342628432302846,0.0221856724259476,0.0463400140346216
"gpt-neo-125m",100,10,0.0682378789310731,0.0552295622633637,0.0812461955987825,0.0370445798547721,0.0254910116893614,0.0485981480201829
"gpt-neo-125m",128,10,0.0684738322719754,0.0554346679701827,0.0815129965737682,0.0382313372597619,0.0264038485463666,0.0500588259731572
"gpt-neo-125m",160,10,0.0673522899605441,0.0543997776384995,0.0803048022825887,0.0383614774136099,0.0262644771719003,0.0504584776553195
"gpt-neo-125m",200,10,0.0682045843198065,0.0558440089867892,0.0805651596528239,0.039981562281982,0.0282200511694315,0.0517430733945324
"gpt-neo-125m",256,10,0.0677352649609096,0.0556410285983885,0.0798295013234307,0.0401950139077575,0.0287319586665613,0.0516580691489537
"gpt-neo-125m",320,10,0.0677630070630621,0.0556934205959883,0.0798325935301359,0.0404550063642858,0.028871871989775,0.0520381407387965
"gpt-neo-125m",400,10,0.0674971630004209,0.0554275868228796,0.0795667391779623,0.0408501326631057,0.0292527846864797,0.0524474806397317
"gpt-neo-125m",512,10,0.0677826000788748,0.0561491669338938,0.0794160332238558,0.0412606978394638,0.0299543968740319,0.0525669988048957
"gpt-neo-125m",640,10,0.0672752534264887,0.0561054908999436,0.0784450159530337,0.041093484724588,0.030028186907452,0.0521587825417241
"gpt-neo-125m",800,10,0.0667208339775466,0.0557021014626517,0.0777395664924415,0.0409031969717293,0.0299100064925429,0.0518963874509158
"gpt-neo-125m",1024,10,0.0664369965599523,0.0554218282456365,0.0774521648742681,0.0409034651792714,0.0299045916387406,0.0519023387198023
"gpt-neo-125m",2048,10,0.066272867918115,0.0553854623998709,0.077160273436359,0.0408391087214562,0.0299589844424903,0.0517192330004221
"gpt-neo-2.7b",2,10,0.0595623205407465,0.053100841174696,0.066023799906797,0.00764009098726632,0.00233913927393415,0.0129410427005985
"gpt-neo-2.7b",3,10,0.0587680321970304,0.0533628255330764,0.0641732388609845,0.0130646875542963,0.00850776661695634,0.0176216084916362
"gpt-neo-2.7b",4,10,0.0555706546046495,0.0498111332348228,0.0613301759744763,0.0138797125546611,0.00988804879661209,0.0178713763127102
"gpt-neo-2.7b",5,10,0.0490340687253124,0.0419860293082433,0.0560821081423815,0.0115781189869077,0.00745883102948936,0.0156974069443261
"gpt-neo-2.7b",6,10,0.047178245405906,0.0397881661127299,0.054568324699082,0.0117168357969754,0.00757004879580989,0.015863622798141
"gpt-neo-2.7b",7,10,0.0447430197742664,0.0364263814592942,0.0530596580892385,0.0111764975203119,0.00631494296341443,0.0160380520772093
"gpt-neo-2.7b",8,10,0.0444592320260637,0.0357867218018267,0.0531317422503006,0.0115297819622017,0.00664840844587985,0.0164111554785235
"gpt-neo-2.7b",10,10,0.0455476815909286,0.0366309435399141,0.0544644196419431,0.0131496047269479,0.0081733477029828,0.018125861750913
"gpt-neo-2.7b",12,10,0.045422023115879,0.037440150182466,0.0534038960492921,0.0141197327869485,0.0095506403820802,0.0186888251918167
"gpt-neo-2.7b",16,10,0.0438518348891598,0.0349392692564197,0.0527644005218998,0.0147812702565314,0.00952262023779705,0.0200399202752657
"gpt-neo-2.7b",20,10,0.0447631700369856,0.0353831315168713,0.0541432085570999,0.0164738015363115,0.0106159997623516,0.0223316033102714
"gpt-neo-2.7b",25,10,0.0477102493558751,0.038880992905435,0.0565395058063152,0.0196858607514131,0.0137903186615158,0.0255814028413105
"gpt-neo-2.7b",32,10,0.0492572138384246,0.039726980603803,0.0587874470730462,0.0227601440013471,0.0159393041691203,0.029580983833574
"gpt-neo-2.7b",40,10,0.050894997154824,0.0411064857808766,0.0606835085287713,0.0253556668571511,0.0178931339807861,0.0328181997335162
"gpt-neo-2.7b",50,10,0.0537158413721221,0.0436356250721704,0.0637960576720739,0.028992640957006,0.0206965822106987,0.0372886997033132
"gpt-neo-2.7b",64,10,0.054694534931083,0.0441990136426394,0.0651900562195267,0.0312259087037417,0.0225071844570635,0.0399446329504199
"gpt-neo-2.7b",80,10,0.0572739720792158,0.0466317257841253,0.0679162183743063,0.0339162212663656,0.024623064965437,0.0432093775672943
"gpt-neo-2.7b",100,10,0.0575065350348595,0.0477342754562144,0.0672787946135046,0.0354589294441948,0.0266285167856787,0.0442893421027108
"gpt-neo-2.7b",128,10,0.0577830860431742,0.0482611085020313,0.0673050635843171,0.0367066816111529,0.0276719515105655,0.0457414117117403
"gpt-neo-2.7b",160,10,0.0566920426886089,0.0462148966700906,0.0671691887071272,0.0368446420237107,0.0268128095882847,0.0468764744591368
"gpt-neo-2.7b",200,10,0.0571213596805546,0.0469617213751987,0.0672809979859104,0.037798493305779,0.0280326537188932,0.0475643328926648
"gpt-neo-2.7b",256,10,0.0571193751401544,0.0468091597213652,0.0674295905589436,0.0381528967219208,0.0282897987044539,0.0480159947393877
"gpt-neo-2.7b",320,10,0.05650385442414,0.0469895012613785,0.0660182075869016,0.037840408225833,0.0285337968676669,0.0471470195839991
"gpt-neo-2.7b",400,10,0.056214529909193,0.0466234682227581,0.0658055915956279,0.0380728582714926,0.0286570261460854,0.0474886903968998
"gpt-neo-2.7b",512,10,0.0571421689283874,0.0478948748173123,0.0663894630394626,0.0389559311995908,0.0298412253206703,0.0480706370785114
"gpt-neo-2.7b",640,10,0.0565978482653894,0.0472727858399003,0.0659229106908786,0.0386211707245062,0.0294655912715996,0.0477767501774128
"gpt-neo-2.7b",800,10,0.0561031909160708,0.0469787104546507,0.0652276713774908,0.0382848040783477,0.0292815097649282,0.0472880983917671
"gpt-neo-2.7b",1024,10,0.0550491093846698,0.0457793437145075,0.0643188750548321,0.0375432279642134,0.0284359632841476,0.0466504926442791
"gpt-neo-2.7b",2048,10,0.0549076225928758,0.045734007137435,0.0640812380483166,0.0373586122627422,0.0283582694127426,0.0463589551127418
"gpt2",2,10,0.0672069766098213,0.0583948236383815,0.076019129581261,0.0127076962464243,0.00707894844346453,0.0183364440493841
"gpt2",3,10,0.0636926162471007,0.0575387649769742,0.0698464675172272,0.0152733656521352,0.00946779822199822,0.0210789330822722
"gpt2",4,10,0.0612581139346824,0.0568870810320302,0.0656291468373345,0.0159512666767045,0.012016957593411,0.019885575759998
"gpt2",5,10,0.0594804505920409,0.0540778891777723,0.0648830120063096,0.016291063848114,0.0118769386777417,0.0207051890184862
"gpt2",6,10,0.0595656963447065,0.0528025447585688,0.0663288479308441,0.0173367761568102,0.0123450194337282,0.0223285328798923
"gpt2",7,10,0.0590994303512401,0.0517975955890999,0.0664012651133803,0.0176034798799332,0.0125412214396183,0.0226657383202482
"gpt2",8,10,0.0583013219350217,0.0505359499650583,0.066066693904985,0.0176129362064578,0.0124860559017605,0.022739816511155
"gpt2",10,10,0.0597574646449617,0.0508299826926136,0.0686849465973099,0.0193070322795515,0.0135038461511889,0.025110218407914
"gpt2",12,10,0.0610833035719626,0.0523747362124585,0.0697918709314666,0.021055586616028,0.0149877725861555,0.0271234006459006
"gpt2",16,10,0.0598197437931655,0.0507808270866118,0.0688586604997192,0.021507997240225,0.0153955426085094,0.0276204518719407
"gpt2",20,10,0.0615636102300794,0.0517781783558906,0.0713490421042682,0.0237171803356657,0.0168552384858847,0.0305791221854468
"gpt2",25,10,0.0650970791552082,0.0549343794420784,0.0752597788683381,0.0271099237746392,0.0195724845372865,0.034647363011992
"gpt2",32,10,0.0664112826046665,0.0551911862057134,0.0776313790036196,0.0299185581492281,0.0210379058501787,0.0387992104482775
"gpt2",40,10,0.0669612138157437,0.0549229727400205,0.0789994548914668,0.0312267835161353,0.021319578953347,0.0411339880789236
"gpt2",50,10,0.06992549171429,0.0568776207430708,0.0829733626855091,0.0348895546771552,0.0239274120700781,0.0458516972842322
"gpt2",64,10,0.0726458430585659,0.0592114137637388,0.0860802723533929,0.0384921784536176,0.0269238171307174,0.0500605397765179
"gpt2",80,10,0.0751568583225072,0.0613291704067936,0.0889845462382207,0.0413216019889663,0.0291935340150527,0.0534496699628798
"gpt2",100,10,0.0767694343189237,0.0639444474478,0.0895944211900475,0.0441094223152866,0.0323266445145951,0.0558922001159781
"gpt2",128,10,0.0760249097119184,0.0633219804492822,0.0887278389745545,0.0446287465738866,0.0327062242203359,0.0565512689274373
"gpt2",160,10,0.0743574589185269,0.0616868874958813,0.0870280303411725,0.0443540782114554,0.0321826960294888,0.056525460393422
"gpt2",200,10,0.0760755070289903,0.0642304949826653,0.0879205190753153,0.0466406161328128,0.0349881587339825,0.0582930735316431
"gpt2",256,10,0.0753880391987031,0.0640682334023698,0.0867078449950364,0.0464818626862458,0.0353446970173703,0.0576190283551213
"gpt2",320,10,0.0748849515003981,0.0637427625017047,0.0860271404990915,0.0462120455672056,0.0351039953578084,0.0573200957766028
"gpt2",400,10,0.0745749550298953,0.0632320536982755,0.085917856361515,0.0466404508895003,0.0353836077505892,0.0578972940284114
"gpt2",512,10,0.0752991291255132,0.0643940527867606,0.0862042054642659,0.047469591030616,0.0365870830979741,0.0583520989632578
"gpt2",640,10,0.0749062118322374,0.0644533188660362,0.0853591047984386,0.047182164723194,0.0366542712154359,0.057710058230952
"gpt2",800,10,0.0749213816791505,0.0644982079963683,0.0853445553619327,0.0473444586164114,0.0368368043500169,0.057852112882806
"gpt2",1024,10,0.0745962710901743,0.0643703640830059,0.0848221780973426,0.0469762993508739,0.036615703046229,0.0573368956555188
"gpt2-large",2,10,0.064171454102217,0.0568989642804473,0.0714439439239868,0.0116711160375652,0.00444867100138083,0.0188935610737496
"gpt2-large",3,10,0.0596781586599291,0.0556486221774989,0.0637076951423593,0.0136181427919229,0.00914740906101252,0.0180888765228332
"gpt2-large",4,10,0.0560093652141433,0.0513998318987926,0.060618898529494,0.0138541005664956,0.0101219303365172,0.017586270796474
"gpt2-large",5,10,0.0502236426833264,0.0442403249885522,0.0562069603781007,0.0118604827051666,0.00774336382793842,0.0159776015823948
"gpt2-large",6,10,0.0497662558212736,0.0437036417222133,0.0558288699203339,0.012468889407111,0.00824547241583631,0.0166923063983857
"gpt2-large",7,10,0.0481457462225434,0.0413708112905434,0.0549206811545433,0.0122879825851577,0.00776323160523055,0.0168127335650849
"gpt2-large",8,10,0.0484087125324834,0.0415593028810511,0.0552581221839157,0.0129238507452502,0.00857762553963912,0.0172700759508612
"gpt2-large",10,10,0.0493844145477029,0.0422613605532526,0.0565074685421533,0.014556404624269,0.0100887321471951,0.0190240771013429
"gpt2-large",12,10,0.0499966981142274,0.0434960514045163,0.0564973448239385,0.0160044966718952,0.0118292269471065,0.020179766396684
"gpt2-large",16,10,0.0487509593449616,0.0415298145547446,0.0559721041351786,0.0168680620266572,0.0121139691233671,0.0216221549299473
"gpt2-large",20,10,0.0498698910626407,0.0424419000373595,0.0572978820879218,0.0184564884641401,0.0131977557482381,0.023715221180042
"gpt2-large",25,10,0.0536153204527032,0.0459077775336561,0.0613228633717503,0.0222554522990738,0.0165024657139022,0.0280084388842455
"gpt2-large",32,10,0.0554110475120626,0.0461746348567272,0.064647460167398,0.0254636723899972,0.0183678730880572,0.0325594716919371
"gpt2-large",40,10,0.0553941062680735,0.0459685839548992,0.0648196285812477,0.0266175827693928,0.018857175582952,0.0343779899558336
"gpt2-large",50,10,0.0583674291874189,0.0486584980035287,0.0680763603713092,0.0305004805605871,0.0219822123675415,0.0390187487536327
"gpt2-large",64,10,0.0601300697353472,0.0492703540471808,0.0709897854235135,0.0333490627640617,0.0239234908314914,0.0427746346966321
"gpt2-large",80,10,0.0622094288693174,0.0516907668854483,0.0727280908531866,0.0358353808215928,0.0262300983383689,0.0454406633048167
"gpt2-large",100,10,0.0643592037097821,0.0554844716841605,0.0732339357354037,0.0389693067443861,0.0300622961597593,0.0478763173290129
"gpt2-large",128,10,0.0643905860532735,0.0554031470247487,0.0733780250817983,0.0398726635961346,0.030499016491943,0.0492463107003261
"gpt2-large",160,10,0.063098427453611,0.0534093378739545,0.0727875170332674,0.0398940903021093,0.0298130902920138,0.0499750903122047
"gpt2-large",200,10,0.0638634016381644,0.0544944340295392,0.0732323692467896,0.0413683071711203,0.0315844685134882,0.0511521458287524
"gpt2-large",256,10,0.063522638044993,0.054303371159339,0.0727419049306469,0.0413828357469487,0.0317911801288471,0.0509744913650503
"gpt2-large",320,10,0.0633529694476242,0.0544297883887729,0.0722761505064756,0.0415126582675607,0.0320877466602786,0.0509375698748429
"gpt2-large",400,10,0.0632545909825411,0.0542861506506834,0.0722230313143987,0.0420479078714104,0.032579174091727,0.0515166416510938
"gpt2-large",512,10,0.0642746117624548,0.0553902298138166,0.0731589937110931,0.0431406024845258,0.0337622456317285,0.0525189593373231
"gpt2-large",640,10,0.0639492867104624,0.0552450362320789,0.0726535371888459,0.0427906392369326,0.0336488744074493,0.0519324040664159
"gpt2-large",800,10,0.0641097711611904,0.0553717016072364,0.0728478407151443,0.0429295122506729,0.0337617088920852,0.0520973156092605
"gpt2-large",1024,10,0.063439011410895,0.0546055358510892,0.0722724869707008,0.042420817687672,0.0332488539401758,0.0515927814351683
"gpt2-medium",2,10,0.0579756717859088,0.0512417433746673,0.0647096001971504,0.00844657968930414,0.00290122380252145,0.0139919355760868
"gpt2-medium",3,10,0.0597105541622445,0.0556746770818095,0.0637464312426794,0.0134733871614788,0.00923409683059432,0.0177126774923633
"gpt2-medium",4,10,0.0586822363911187,0.0545904422695368,0.0627740305127006,0.0151808084114048,0.0116242011008981,0.0187374157219116
"gpt2-medium",5,10,0.0550152251073925,0.0490199079729235,0.0610105422418615,0.0143877932360353,0.010091936501647,0.0186836499704236
"gpt2-medium",6,10,0.0544751267067483,0.0478355725219929,0.0611146808915037,0.0149397930723501,0.0106157266643232,0.0192638594803769
"gpt2-medium",7,10,0.0538133246986267,0.0457023455799846,0.0619243038172687,0.015346413384301,0.0102000907341703,0.0204927360344317
"gpt2-medium",8,10,0.052147682199124,0.0436683288829383,0.0606270355153097,0.0150359070089123,0.00995265794268146,0.0201191560751431
"gpt2-medium",10,10,0.0538940368028766,0.0452426823766739,0.0625453912290793,0.0171484614146299,0.0119296951975033,0.0223672276317565
"gpt2-medium",12,10,0.0537513503799479,0.0460437674662406,0.0614589332936552,0.0178968886553056,0.0130292809793213,0.0227644963312899
"gpt2-medium",16,10,0.0544268954141778,0.0453173459171948,0.0635364449111607,0.0197884771609215,0.0142471485318116,0.0253298057900314
"gpt2-medium",20,10,0.0559633902035518,0.0463890587365972,0.0655377216705064,0.0218482633363497,0.0153996679710406,0.0282968587016587
"gpt2-medium",25,10,0.0597121178409456,0.0495700329702631,0.069854202711628,0.0256789559268035,0.0185844425882398,0.0327734692653672
"gpt2-medium",32,10,0.0620139315840973,0.050777284486809,0.0732505786813855,0.0292324350084987,0.0207271721643135,0.0377376978526838
"gpt2-medium",40,10,0.0619794416226508,0.050097099560176,0.0738617836851256,0.0303742726680261,0.0208456179876783,0.0399029273483739
"gpt2-medium",50,10,0.065143083364373,0.052440332412372,0.077845834316374,0.0343488285361234,0.0238222962047301,0.0448753608675167
"gpt2-medium",64,10,0.0676198167161343,0.0548117633418673,0.0804278700904014,0.0377427769623947,0.0269916032020825,0.048493950722707
"gpt2-medium",80,10,0.0692748132906463,0.0562113912490596,0.0823382353322329,0.039851936331049,0.028617214908673,0.051086657753425
"gpt2-medium",100,10,0.0717416467637886,0.0599289185375082,0.083554374990069,0.0431061820810319,0.0322401074469103,0.0539722567151534
"gpt2-medium",128,10,0.0710806702476285,0.059375198668971,0.0827861418262861,0.0434527000764483,0.0324834471380897,0.0544219530148068
"gpt2-medium",160,10,0.0706544424192675,0.0590600754200285,0.0822488094185064,0.0439841690221427,0.0327434666452034,0.055224871399082
"gpt2-medium",200,10,0.0710839602759589,0.0599424151853488,0.082225505366569,0.0453854803434554,0.0345410790374994,0.0562298816494114
"gpt2-medium",256,10,0.0709384416011506,0.0601211122370394,0.0817557709652617,0.0454806252342767,0.0348230997194393,0.056138150749114
"gpt2-medium",320,10,0.0704159288618699,0.0597621362705914,0.0810697214531484,0.0453960338714276,0.0348448275303065,0.0559472402125487
"gpt2-medium",400,10,0.0706923371365113,0.0599500680303538,0.0814346062426688,0.0463486614748261,0.0356709880832837,0.0570263348663684
"gpt2-medium",512,10,0.0713169018557119,0.0609207925422703,0.0817130111691535,0.0470126394505112,0.0366621113538823,0.0573631675471401
"gpt2-medium",640,10,0.0713088228848067,0.0611776823471451,0.0814399634224683,0.0470180966127619,0.0369242292036146,0.0571119640219092
"gpt2-medium",800,10,0.0714205248778894,0.0612188106560796,0.0816222390996993,0.047077757551127,0.0369801683557334,0.0571753467465205
"gpt2-medium",1024,10,0.0703954838536601,0.0600052981445785,0.0807856695627418,0.046330990677304,0.0361824776434737,0.0564795037111344
"gpt2-xl",2,10,0.0644846468119308,0.0575210494724395,0.071448244151422,0.0119504724452389,0.00519942229711617,0.0187015225933616
"gpt2-xl",3,10,0.0586294128230752,0.0535694469963929,0.0636893786497574,0.0131109325608256,0.00801809405312646,0.0182037710685246
"gpt2-xl",4,10,0.0578052146821859,0.0524790208812621,0.0631314084831097,0.0151529760667028,0.0110572844986012,0.0192486676348045
"gpt2-xl",5,10,0.0495902336973074,0.0438083648201323,0.0553721025744824,0.0116989425112868,0.00781726255942982,0.0155806224631439
"gpt2-xl",6,10,0.0487696920098875,0.0433778569812805,0.0541615270384944,0.0121455877611165,0.00849478820033899,0.0157963873218939
"gpt2-xl",7,10,0.0473007199356583,0.040276617212599,0.0543248226587176,0.011932752304032,0.00740289233594734,0.0164626122721167
"gpt2-xl",8,10,0.0462758494645222,0.0392109666129659,0.0533407323160785,0.0119891868198264,0.00776765340595618,0.0162107202336967
"gpt2-xl",10,10,0.0469400005916708,0.0392312803249764,0.0546487208583652,0.0136265658268091,0.00908373214683336,0.0181693995067848
"gpt2-xl",12,10,0.0470188474051955,0.0393071756785414,0.0547305191318496,0.014629491422176,0.0100065006971536,0.0192524821471985
"gpt2-xl",16,10,0.046587097314732,0.0391030293534994,0.0540711652759647,0.0159020968263795,0.0112649448500977,0.0205392488026614
"gpt2-xl",20,10,0.0467309354995296,0.0394726998774816,0.0539891711215776,0.0170307294215516,0.0121734772549543,0.0218879815881488
"gpt2-xl",25,10,0.0499680052039747,0.0428900671023305,0.057045943305619,0.0204599475387313,0.0154425563341147,0.0254773387433478
"gpt2-xl",32,10,0.05150471068074,0.0432034776524586,0.0598059437090214,0.0234405992300911,0.0171753508556406,0.0297058476045416
"gpt2-xl",40,10,0.0512720830266504,0.0429182270693122,0.0596259389839885,0.0243812608367737,0.017636905187364,0.0311256164861834
"gpt2-xl",64,10,0.0556336887932416,0.0460902484640519,0.0651771291224312,0.0307618476801983,0.0226717224360389,0.0388519729243577
"gpt2-xl",128,10,0.0577369712478527,0.0496897073397349,0.0657842351559705,0.0355760000668759,0.0274788054331879,0.0436731947005639
"gpt2-xl",256,10,0.056923881596881,0.0482680192843985,0.0655797439093636,0.0367167483733558,0.028133050177909,0.0453004465688026
"gpt2-xl",512,10,0.0569735712201029,0.0482132023090582,0.0657339401311477,0.0380136960763031,0.0292210142658981,0.0468063778867082
"gpt2-xl",1024,10,0.0560814603509643,0.0475559855405689,0.0646069351613596,0.0372973716695904,0.0286931597142953,0.0459015836248854
"opt-1.3b",2,10,0.0649585547847266,0.0591491958413703,0.0707679137280829,0.0109106778816375,0.00515023481523135,0.0166711209480436
"opt-1.3b",3,10,0.0639242106375705,0.0596187354638584,0.0682296858112826,0.0163297676722145,0.010744616992591,0.021914918351838
"opt-1.3b",4,10,0.0604243149578036,0.0551865943301458,0.0656620355854614,0.0167904016594081,0.0123380877196474,0.0212427155991687
"opt-1.3b",5,10,0.05403402620086,0.0478557344332556,0.0602123179684643,0.0143547916284415,0.0099740342054579,0.0187355490514252
"opt-1.3b",6,10,0.0523432848734914,0.0460926627056747,0.0585939070413081,0.0143012853337443,0.00964296637757773,0.0189596042899108
"opt-1.3b",7,10,0.0502723941377814,0.0429061213387756,0.0576386669367871,0.0135964569631734,0.0085935274005615,0.0185993865257853
"opt-1.3b",8,10,0.0509919587205224,0.0437489042975165,0.0582350131435283,0.0147707422264845,0.0101085613820582,0.0194329230709108
"opt-1.3b",10,10,0.051811543294211,0.0442976242479539,0.0593254623404682,0.0164438854102905,0.011704008965124,0.0211837618554569
"opt-1.3b",12,10,0.0513014258646389,0.0442701053699257,0.058332746359352,0.0170782012606722,0.0124664578483212,0.0216899446730232
"opt-1.3b",16,10,0.0511850907957756,0.0434737934937026,0.0588963880978485,0.0186522581515007,0.0136394683006763,0.0236650480023252
"opt-1.3b",20,10,0.0509188920865161,0.0432226560186177,0.0586151281544146,0.0197013739754524,0.0142370391393763,0.0251657088115286
"opt-1.3b",25,10,0.0531644092621637,0.0456953177738975,0.0606335007504299,0.0224839790484414,0.016804284452447,0.0281636736444358
"opt-1.3b",32,10,0.0537252376589605,0.0449720093063139,0.0624784660116072,0.0249604334589564,0.0182284937985851,0.0316923731193278
"opt-1.3b",40,10,0.0537458370243571,0.0442004349850307,0.0632912390636836,0.0263141787980005,0.0185830590573582,0.0340452985386428
"opt-1.3b",50,10,0.0570984648136658,0.0475114170072231,0.0666855126201084,0.0304678320371651,0.0220994156505857,0.0388362484237445
"opt-1.3b",64,10,0.0578547011123429,0.0478140187731201,0.0678953834515657,0.0325571891920035,0.0237014634985635,0.0414129148854435
"opt-1.3b",80,10,0.0611451895337774,0.0509653906162988,0.071324988451256,0.0356557161854886,0.0263116657608161,0.044999766610161
"opt-1.3b",100,10,0.0614535300994855,0.0522266666915258,0.0706803935074451,0.0376418771534082,0.0285983081711606,0.0466854461356557
"opt-1.3b",128,10,0.060670966406905,0.0510458713184701,0.0702960614953399,0.0379136144070746,0.0283919241722559,0.0474353046418933
"opt-1.3b",160,10,0.0594910158834418,0.0492410390594958,0.0697409927073877,0.0379767745464967,0.0276879418172008,0.0482656072757926
"opt-1.3b",200,10,0.0603983327821982,0.0506475667943046,0.0701490987700917,0.0394798388566719,0.0295950352352271,0.0493646424781167
"opt-1.3b",256,10,0.0605556286902774,0.0505961759529966,0.0705150814275582,0.0400645263176285,0.0302130868604153,0.0499159657748417
"opt-1.3b",320,10,0.0601574767151151,0.0504053111209165,0.0699096423093138,0.0401571491718265,0.0303665044634724,0.0499477938801807
"opt-1.3b",400,10,0.0605296109288614,0.0506953005995714,0.0703639212581513,0.0409584140878193,0.0310636826043024,0.0508531455713361
"opt-1.3b",512,10,0.0610608012098087,0.0514974551892705,0.0706241472303469,0.0415168210070713,0.0318904123140922,0.0511432297000503
"opt-1.3b",640,10,0.0605366228489016,0.0511205668779725,0.0699526788198306,0.0410439394452843,0.0316617500413419,0.0504261288492268
"opt-1.3b",800,10,0.0604203501242257,0.0508735791366335,0.069967121111818,0.0409961096894222,0.031405831039168,0.0505863883396764
"opt-1.3b",1024,10,0.0597385217496074,0.050193953699873,0.0692830897993418,0.040491228002219,0.030871606801253,0.050110849203185
"opt-1.3b",2048,10,0.0597183269905004,0.050101532789186,0.0693351211918148,0.0403514471991759,0.0307097831183155,0.0499931112800362
"opt-125m",2,10,0.0606813697078043,0.0523860539033207,0.068976685512288,0.00618531511539176,0.00144029745760243,0.0109303327731811
"opt-125m",3,10,0.0623618344625275,0.057527826678733,0.067195842246322,0.014332618113547,0.00958973907966307,0.0190754971474309
"opt-125m",4,10,0.0608850041373953,0.0568221190440822,0.0649478892307084,0.015426496325702,0.0121588001788017,0.0186941924726023
"opt-125m",5,10,0.0596282167980875,0.0546530418743585,0.0646033917218166,0.0157470928220608,0.011398411459394,0.0200957741847276
"opt-125m",6,10,0.0588958357077509,0.0527468463284092,0.0650448250870927,0.0162892434652794,0.0118363275669091,0.0207421593636497
"opt-125m",7,10,0.059235919077258,0.0519130823128206,0.0665587558416955,0.0173446160519518,0.0122861556876552,0.0224030764162484
"opt-125m",8,10,0.0597655113897611,0.0520927504674462,0.0674382723120759,0.0181212437083363,0.0131177765134249,0.0231247109032477
"opt-125m",10,10,0.0610599953069109,0.0529249426981313,0.0691950479156905,0.0198108059784328,0.0148573164186363,0.0247642955382293
"opt-125m",12,10,0.0606959782327079,0.0525995234940859,0.0687924329713299,0.0204484080506921,0.0151792182835575,0.0257175978178267
"opt-125m",16,10,0.0587801380577524,0.0497218721021541,0.0678384040133507,0.020530540070964,0.0147730994728359,0.0262879806690921
"opt-125m",20,10,0.0605487884207234,0.0504371093526085,0.0706604674888384,0.0226601359044988,0.0157737697501046,0.029546502058893
"opt-125m",25,10,0.0623414220030274,0.0520219696132968,0.0726608743927581,0.0250898752403051,0.0177505071839177,0.0324292432966924
"opt-125m",32,10,0.063840027346608,0.0525770475212545,0.0751030071719616,0.028226117192243,0.0198298236767319,0.036622410707754
"opt-125m",40,10,0.065562831004126,0.0535303175548846,0.0775953444533673,0.0305556920636773,0.0208229451142872,0.0402884390130674
"opt-125m",50,10,0.0683400019957206,0.055535043778427,0.0811449602130142,0.0343552827932995,0.0237433217077208,0.0449672438788781
"opt-125m",64,10,0.0719611156807958,0.0582532292187631,0.0856690021428285,0.0384852381643381,0.0269969495586449,0.0499735267700312
"opt-125m",80,10,0.0728771763281214,0.059083872041624,0.0866704806146188,0.0401986022648641,0.0284292251824667,0.0519679793472616
"opt-125m",100,10,0.0743157873785795,0.0621244488334232,0.0865071259237358,0.0427617336021131,0.0317554934933296,0.0537679737108965
"opt-125m",128,10,0.0740713056763074,0.062177595800669,0.0859650155519458,0.0436820498169439,0.0325579727567051,0.0548061268771828
"opt-125m",160,10,0.0726712960788667,0.0601674267452408,0.0851751654124926,0.0434818564463943,0.0316974426167291,0.0552662702760595
"opt-125m",200,10,0.0732763613043777,0.0612515314403117,0.0853011911684437,0.0449343696614874,0.0334262235628629,0.0564425157601118
"opt-125m",256,10,0.0735050447954222,0.0617692467815477,0.0852408428092967,0.0455390253411357,0.0342977714343791,0.0567802792478924
"opt-125m",320,10,0.0728072326042379,0.0611949061808513,0.0844195590276245,0.0451425457663635,0.0338808886644001,0.0564042028683269
"opt-125m",400,10,0.0724141797841657,0.0608803753559282,0.0839479842124031,0.0454196300485353,0.0342194731494128,0.0566197869476579
"opt-125m",512,10,0.073061894117622,0.0613765690388837,0.0847472191963602,0.0460647908545748,0.0347802931963645,0.0573492885127851
"opt-125m",640,10,0.0722983514012018,0.0615835304124355,0.0830131723899682,0.0454914541800874,0.034888691156103,0.0560942172040719
"opt-125m",800,10,0.0720398332157467,0.061501008907968,0.0825786575235253,0.0456303877537778,0.0351157743704077,0.056145001137148
"opt-125m",1024,10,0.0718482711568113,0.0611805246484021,0.0825160176652206,0.0454988295981901,0.0349420819947199,0.0560555772016603
"opt-125m",2048,10,0.0713920098327852,0.0607886654585738,0.0819953542069966,0.0451603420851918,0.0346417516172613,0.0556789325531224
"opt-13b",2,10,0.0653936529353122,0.0589526661864864,0.0718346396841381,0.0124741795663268,0.00561564332359923,0.0193327158090544
"opt-13b",3,10,0.0682770570896674,0.0611229108729979,0.0754312033063369,0.0154770587538047,0.00750562366762705,0.0234484938399824
"opt-13b",4,10,0.0597988500334898,0.0539763339669351,0.0656213661000444,0.016557434394838,0.0123333037840296,0.0207815650056464
"opt-13b",5,10,0.049651347015807,0.042555933164572,0.056746760867042,0.0121764706212801,0.00756615159630336,0.0167867896462567
"opt-13b",6,10,0.0474787039481596,0.0409731933619367,0.0539842145343824,0.0120688908341281,0.00787451714009794,0.0162632645281582
"opt-13b",7,10,0.0446167378783853,0.0373558017866717,0.0518776739700989,0.0112962933197625,0.00676381228882456,0.0158287743507003
"opt-13b",8,10,0.0437714297518509,0.0360962800618664,0.0514465794418353,0.0114943533227579,0.00704856764695214,0.0159401389985636
"opt-13b",10,10,0.0442203554261332,0.0359033612036552,0.0525373496486112,0.0126345948552636,0.00746715119901745,0.0178020385115097
"opt-13b",12,10,0.0429617178870001,0.0353750460058063,0.0505483897681939,0.0129929644797999,0.00808832466125245,0.0178976042983473
"opt-13b",16,10,0.041769735216736,0.0342432595938976,0.0492962108395744,0.014204043615272,0.00960692602683705,0.0188011612037069
"opt-13b",20,10,0.0423203474524235,0.0341958123653609,0.0504448825394862,0.0157706947683326,0.0104997872189623,0.021041602317703
"opt-13b",25,10,0.0445591076379692,0.0366301232472223,0.0524880920287161,0.0187266252086231,0.0131366462971522,0.0243166041200939
"opt-13b",32,10,0.0450185918608162,0.0363316586121207,0.0537055251095117,0.02095416649278,0.0147757165536484,0.0271326164319116
"opt-13b",40,10,0.0447909438087326,0.0365379033386017,0.0530439842788636,0.0222040371644386,0.015944050234023,0.0284640240948542
"opt-13b",50,10,0.047673220699077,0.0393660190287758,0.0559804223693782,0.0258824162140952,0.0188234920235848,0.0329413404046057
"opt-13b",64,10,0.049220810033075,0.0402463622538847,0.0581952578122653,0.0283531148776288,0.0206949098471571,0.0360113199081004
"opt-13b",80,10,0.0502480783212682,0.040966538052149,0.0595296185903873,0.0298053072881005,0.0216955732867235,0.0379150412894775
"opt-13b",100,10,0.0509789902454887,0.0424659033644455,0.0594920771265318,0.0318079887419888,0.0238888768011248,0.0397271006828528
"opt-13b",128,10,0.0514116630290043,0.043298852792463,0.0595244732655456,0.033147306416177,0.025287675148761,0.041006937683593
"opt-13b",160,10,0.0491383913933994,0.040465569958898,0.0578112128279009,0.0320816492933611,0.0236554658930509,0.0405078326936713
"opt-13b",200,10,0.0500920233677143,0.0418873289200308,0.0582967178153979,0.0336091292712258,0.0253870263258211,0.0418312322166305
"opt-13b",256,10,0.0497528389860229,0.0416408996784069,0.0578647782936389,0.0339976420745943,0.0257608636395535,0.0422344205096351
"opt-13b",320,10,0.049456063275315,0.0416826283758921,0.0572294981747379,0.0339811066243634,0.026072253077476,0.0418899601712508
"opt-13b",400,10,0.0498805628802509,0.0420572641704136,0.0577038615900883,0.0349811611228178,0.0270384228639287,0.0429238993817069
"opt-13b",512,10,0.0505314722249488,0.0427409459163123,0.0583219985335852,0.0356286255445812,0.0276245311024145,0.0436327199867479
"opt-13b",640,10,0.0500954139372661,0.0426103059267421,0.0575805219477901,0.035257853806273,0.0275769196510762,0.0429387879614698
"opt-13b",800,10,0.0496843006865568,0.0422190838201315,0.0571495175529821,0.0348899415105698,0.0271620119290812,0.0426178710920584
"opt-13b",1024,10,0.048753626701429,0.0408424017573787,0.0566648516454792,0.0341889655630392,0.0261134469856427,0.0422644841404358
"opt-13b",2048,10,0.0486332926681563,0.040715936222646,0.0565506491136667,0.0340886058618172,0.0260048585372727,0.0421723531863618
"opt-2.7b",2,10,0.066641854940548,0.0608458022211722,0.0724379076599238,0.0124365964775314,0.0062267233272581,0.0186464696278047
"opt-2.7b",3,10,0.0656586739970488,0.0608836700021417,0.0704336779919559,0.0177939908171931,0.0125108414830486,0.0230771401513375
"opt-2.7b",4,10,0.0597224856164374,0.0542834366518283,0.0651615345810464,0.0166058769282321,0.0128022341245675,0.0204095197318966
"opt-2.7b",5,10,0.0522532512632357,0.0452328059648613,0.05927369656161,0.0134614341693312,0.00880042985328644,0.018122438485376
"opt-2.7b",6,10,0.0512453928329901,0.0445105049483392,0.057980280717641,0.013914323427448,0.00944686359402658,0.0183817832608695
"opt-2.7b",7,10,0.049055076735621,0.0416140466023161,0.0564961068689259,0.0133951538639811,0.00875921634996885,0.0180310913779934
"opt-2.7b",8,10,0.0479514657557163,0.040439948350424,0.0554629831610086,0.0133820194490954,0.00903877091079125,0.0177252679873995
"opt-2.7b",10,10,0.0480015898601751,0.0398859752358259,0.0561172044845244,0.0145366379064346,0.00968776723628087,0.0193855085765883
"opt-2.7b",12,10,0.0467656541574106,0.0392228843367421,0.0543084239780791,0.0146791507905485,0.00989220242315807,0.0194660991579389
"opt-2.7b",16,10,0.0464162775230531,0.0383994718714419,0.0544330831746643,0.016241018931535,0.0113041496178759,0.021177888245194
"opt-2.7b",20,10,0.0472283258549362,0.0389123524468508,0.0555442992630215,0.0179467857200328,0.0125752266576628,0.0233183447824027
"opt-2.7b",25,10,0.0497182024412985,0.0415467210459495,0.0578896838366476,0.0210348049892645,0.0154249568291031,0.0266446531494258
"opt-2.7b",32,10,0.0510852523531323,0.0419203234898705,0.0602501812163941,0.0240548356183023,0.0176910644564003,0.0304186067802042
"opt-2.7b",40,10,0.0514839762413284,0.0421311839342128,0.060836768548444,0.025817793436483,0.0188014995349809,0.0328340873379851
"opt-2.7b",50,10,0.0542256814511206,0.0444603765354555,0.0639909863667858,0.0294282029041394,0.0213646943781881,0.0374917114300907
"opt-2.7b",64,10,0.0553899937796501,0.0453823447145989,0.0653976428447014,0.0315778037112216,0.0229385225517706,0.0402170848706726
"opt-2.7b",80,10,0.0590705839345605,0.0488791047287329,0.069262063140388,0.0350735108577189,0.0259154389942732,0.0442315827211645
"opt-2.7b",100,10,0.0584887002156764,0.0496036367061806,0.0673737637251722,0.0361668573114033,0.0276008713823995,0.044732843240407
"opt-2.7b",128,10,0.059022331779744,0.0500326240970993,0.0680120394623887,0.0375018376816885,0.02861523355042,0.0463884418129571
"opt-2.7b",160,10,0.0568756809547901,0.0470719928611111,0.066679369048469,0.0366129053947725,0.0270808691328848,0.0461449416566601
"opt-2.7b",200,10,0.0575588824166518,0.0483657996916418,0.0667519651416618,0.0379100745811078,0.0289134390991462,0.0469067100630693
"opt-2.7b",256,10,0.057642808107401,0.0486210040368712,0.0666646121779307,0.0385068526649809,0.0296312204140065,0.0473824849159553
"opt-2.7b",320,10,0.0572449368176404,0.0481267798005196,0.0663630938347611,0.0384994511540722,0.0294636582211764,0.0475352440869681
"opt-2.7b",400,10,0.0565980291173595,0.0471990162961742,0.0659970419385449,0.0388076796131588,0.0295726028358537,0.048042756390464
"opt-2.7b",512,10,0.0574449525180121,0.0480967633924015,0.0667931416436227,0.039472682603307,0.0302376899166568,0.0487076752899571
"opt-2.7b",640,10,0.0569638383444403,0.0480158570467541,0.0659118196421266,0.0390081253226656,0.0301876481360947,0.0478286025092364
"opt-2.7b",800,10,0.056664595068841,0.0479120230334619,0.0654171671042201,0.038863559794387,0.0301014291283169,0.0476256904604571
"opt-2.7b",1024,10,0.0560307757950611,0.047159123569391,0.0649024280207312,0.0383724338194418,0.0295293218451339,0.0472155457937497
"opt-2.7b",2048,10,0.055945084784129,0.0469902880536553,0.0648998815146028,0.0382680880129434,0.029379763771248,0.0471564122546388
"opt-30b",2,10,0.0664011473540809,0.0603609414370049,0.0724413532711569,0.0140854642725882,0.00744349545823417,0.0207274330869423
"opt-30b",3,10,0.070671521932565,0.06473275488712,0.07661028897801,0.0192584582029009,0.0123489460380866,0.0261679703677153
"opt-30b",4,10,0.0589600973247232,0.0536615589505513,0.0642586356988951,0.0160630314230935,0.0124505230492817,0.0196755397969052
"opt-30b",5,10,0.0480894387053414,0.0408358508197109,0.0553430265909718,0.011332980652494,0.00692770865953187,0.0157382526454562
"opt-30b",6,10,0.0449734328101994,0.0380193154348662,0.0519275501855326,0.0107697940534225,0.00671204449442319,0.0148275436124219
"opt-30b",7,10,0.041989814898931,0.0350577795935061,0.0489218502043559,0.010011135656401,0.00582397603272698,0.014198295280075
"opt-30b",8,10,0.0410203704842451,0.0335918363158347,0.0484489046526556,0.0101933087042435,0.00582006738390358,0.0145665500245834
"opt-30b",10,10,0.0422532692484822,0.0339625963542044,0.05054394214276,0.0118881850987981,0.00665855094890924,0.0171178192486869
"opt-30b",12,10,0.0403488890513989,0.032320431463607,0.0483773466391908,0.0119290474166545,0.00684217923188916,0.0170159156014199
"opt-30b",16,10,0.0389459959526854,0.0313171453771129,0.0465748465282579,0.0129287346241256,0.00825832461102505,0.0175991446372261
"opt-30b",20,10,0.0391513309664684,0.0314404717718453,0.0468621901610915,0.0143399615546891,0.00923665775329925,0.019443265356079
"opt-30b",25,10,0.0418887591482873,0.0345652627938317,0.0492122555027429,0.0173829160878342,0.0122019378384108,0.0225638943372576
"opt-30b",32,10,0.0429195581407038,0.0349091758162306,0.050929940465177,0.019904797506386,0.0140912172755304,0.0257183777372416
"opt-30b",40,10,0.0420743210372221,0.0340269438262946,0.0501216982481496,0.0205342198149962,0.0143545109984924,0.0267139286315
"opt-30b",50,10,0.0463219063242895,0.0375112565620262,0.0551325560865528,0.025548166860804,0.0180624901999583,0.0330338435216497
"opt-30b",64,10,0.0470923458930109,0.0383936023913337,0.0557910893946881,0.0273415061367026,0.02011238948546,0.0345706227879452
"opt-30b",80,10,0.0497051210382626,0.0404866550019435,0.0589235870745817,0.0300159683713986,0.0219826950218812,0.0380492417209159
"opt-30b",100,10,0.0489560751036228,0.0407596400495583,0.0571525101576873,0.0309698255151317,0.023540541435387,0.0383991095948764
"opt-30b",128,10,0.0500131047571041,0.0418588317691352,0.058167377745073,0.0325203615557176,0.0248308740882209,0.0402098490232143
"opt-30b",160,10,0.0478225658364108,0.0389517778993626,0.0566933537734589,0.0316791195147226,0.0233228226254939,0.0400354164039513
"opt-30b",200,10,0.0483911624248088,0.0399929798798812,0.0567893449697364,0.0330740025014576,0.0249882277832299,0.0411597772196853
"opt-30b",256,10,0.0483954214646725,0.0401587651372766,0.0566320777920684,0.0335287245889838,0.025513348375712,0.0415441008022557
"opt-30b",320,10,0.0481837787446605,0.0402965887665421,0.0560709687227788,0.0336291198140785,0.0258356721081899,0.041422567519967
"opt-30b",400,10,0.0484858442626006,0.0405175546433979,0.0564541338818034,0.0344028720110975,0.0264836554536082,0.0423220885685868
"opt-30b",512,10,0.0488793583593176,0.0408114784045912,0.056947238314044,0.0346899843431129,0.0266570174914277,0.0427229511947981
"opt-30b",640,10,0.0483746880051847,0.0404611495326968,0.0562882264776726,0.034231402543343,0.0263891598945973,0.0420736451920888
"opt-30b",800,10,0.0478667412036227,0.0400396367697618,0.0556938456374836,0.0337852105854679,0.0259861297654895,0.0415842914054462
"opt-30b",1024,10,0.0472447949318095,0.0392767363252869,0.0552128535383321,0.0333217480611441,0.0254019333157169,0.0412415628065713
"opt-30b",2048,10,0.0470790451782423,0.0391312575596139,0.0550268327968707,0.0331537797582033,0.0252879552992328,0.0410196042171738
"opt-350m",2,10,0.0649691801010411,0.0573048251609,0.0726335350411822,0.0103609650674183,0.00605268610557238,0.0146692440292643
"opt-350m",3,10,0.0621847552125982,0.0563750093819456,0.0679945010432507,0.0144639221218786,0.00896179698731676,0.0199660472564405
"opt-350m",4,10,0.0584636492297509,0.0541849144767145,0.0627423839827873,0.014452830086632,0.0113291664601658,0.0175764937130981
"opt-350m",5,10,0.0561767918986152,0.0507447405431779,0.0616088432540525,0.0144816165972332,0.0109599362855666,0.0180032969088997
"opt-350m",6,10,0.0552414504981035,0.0489811106118834,0.0615017903843236,0.0145646663610322,0.010348811146513,0.0187805215755514
"opt-350m",7,10,0.0538723262577992,0.0468168651673398,0.0609277873482585,0.0143940284490058,0.00966709648709139,0.0191209604109203
"opt-350m",8,10,0.0552074050213551,0.0477529206991375,0.0626618893435727,0.0158553096508489,0.0115212168459519,0.0201894024557458
"opt-350m",10,10,0.056770009951461,0.0478922754502123,0.0656477444527096,0.017845088679719,0.0125041585146305,0.0231860188448074
"opt-350m",12,10,0.0582490370348985,0.0501257167795098,0.0663723572902872,0.019636248615844,0.0147629582263893,0.0245095390052988
"opt-350m",16,10,0.0597475162891013,0.0496320203426115,0.069863012235591,0.0220870564582005,0.0158273603179859,0.028346752598415
"opt-350m",20,10,0.0606547572109152,0.0503691344594173,0.0709403799624132,0.0235402447386128,0.0165852508594998,0.0304952386177259
"opt-350m",25,10,0.0642347168009853,0.0534193951996515,0.0750500384023192,0.0272551275404444,0.0195563051942706,0.0349539498866183
"opt-350m",32,10,0.0652603266373778,0.0536484875375867,0.076872165737169,0.0300578744202673,0.0211480499818064,0.0389676988587282
"opt-350m",40,10,0.0652365221260096,0.0531582828829909,0.0773147613690284,0.0309497469353929,0.0211281959336385,0.0407712979371474
"opt-350m",50,10,0.067703819803779,0.0548670028443982,0.0805406367631599,0.0344588101616541,0.0236797591968261,0.0452378611264822
"opt-350m",64,10,0.0701725460027378,0.0564467617989207,0.083898330206555,0.0378215014581893,0.0261983964708214,0.0494446064455572
"opt-350m",80,10,0.0732650716621946,0.0599424501891204,0.0865876931352689,0.0410962356809771,0.0294280305424034,0.0527644408195509
"opt-350m",100,10,0.0753682256018007,0.0631530817836064,0.0875833694199951,0.044547965342754,0.0331869455917939,0.0559089850937141
"opt-350m",128,10,0.0742676586137162,0.0626766806489171,0.0858586365785154,0.0448902474314936,0.0336995416227741,0.056080953240213
"opt-350m",160,10,0.0728236572725624,0.0608542363481934,0.0847930781969315,0.0448163955305525,0.0330172970541071,0.056615494006998
"opt-350m",200,10,0.0740273937981746,0.0624143449939416,0.0856404426024076,0.0468255989089129,0.0352733046048108,0.058377893213015
"opt-350m",256,10,0.0741344220686708,0.0627925459377404,0.0854762981996011,0.0474949507655743,0.0361541764437661,0.0588357250873825
"opt-350m",320,10,0.0740857664142555,0.0628492325876771,0.0853223002408338,0.0476902110640908,0.0363387007933116,0.05904172133487
"opt-350m",400,10,0.0736164286079061,0.0624720750160668,0.0847607821997455,0.047972219749816,0.0366884127289187,0.0592560267707134
"opt-350m",512,10,0.0742014079652565,0.0633967195556333,0.0850060963748796,0.048721880325072,0.0377704032679878,0.0596733573821562
"opt-350m",640,10,0.0737975444327343,0.0637554177482129,0.0838396711172556,0.0484706597643339,0.0381053158708,0.0588360036578678
"opt-350m",800,10,0.0737934160707418,0.0638731382632463,0.0837136938782372,0.0486290762664081,0.0383334036976335,0.0589247488351827
"opt-350m",1024,10,0.0732928685001435,0.0634371513251775,0.0831485856751095,0.0482872031423625,0.0381452978456811,0.0584291084390439
"opt-350m",2048,10,0.0729955993501128,0.0632298401278705,0.0827613585723552,0.0480912502063747,0.038010003738125,0.0581724966746244
"opt-6.7b",2,10,0.0666599608513651,0.0600948898107839,0.0732250318919463,0.0122554044848182,0.00648907887937481,0.0180217300902617
"opt-6.7b",3,10,0.0606042815600124,0.0560781903711465,0.0651303727488782,0.0147124657800585,0.0098289730724022,0.0195959584877148
"opt-6.7b",4,10,0.0566678110269281,0.0515667221511576,0.0617688999026985,0.0148723437356724,0.0108770508983351,0.0188676365730098
"opt-6.7b",5,10,0.0470272900602272,0.0408907230029869,0.0531638571174675,0.0106389291889043,0.00650903953068877,0.0147688188471198
"opt-6.7b",6,10,0.0459039923215823,0.0399070980714115,0.0519008865717531,0.0109893343766141,0.00712118912899933,0.014857479624229
"opt-6.7b",7,10,0.0436532134882988,0.0363497586264667,0.0509566683501308,0.010575421763577,0.00602590620134225,0.0151249373258118
"opt-6.7b",8,10,0.0442562234735982,0.0369739365871803,0.0515385103600161,0.0115018253633894,0.00721397393706006,0.0157896767897188
"opt-6.7b",10,10,0.0437085183341606,0.0359642316746631,0.051452804993658,0.0123554230832233,0.0074475926854015,0.0172632534810452
"opt-6.7b",12,10,0.0427829216351846,0.0350160633769619,0.0505497798934074,0.0129933075594003,0.00813498618504866,0.0178516289337519
"opt-6.7b",16,10,0.0423713981266155,0.0342835767855122,0.0504592194677188,0.0143773419415907,0.00933581424997139,0.0194188696332101
"opt-6.7b",20,10,0.042754662965042,0.0348633100251522,0.0506460159049318,0.0157061846881003,0.0104864514181256,0.0209259179580749
"opt-6.7b",25,10,0.0457097403364691,0.0377681193029868,0.0536513613699513,0.0190187564903871,0.0135059333626398,0.0245315796181345
"opt-6.7b",32,10,0.0476794318789959,0.038679212720053,0.0566796510379387,0.0223887067988159,0.0160312642995682,0.0287461492980636
"opt-6.7b",40,10,0.0465296834921812,0.0378695313349494,0.055189835649413,0.0228731045699553,0.0164063117506833,0.0293398973892273
"opt-6.7b",50,10,0.0497919290578929,0.0406596730833056,0.0589241850324802,0.0268763406325569,0.0192598854992802,0.0344927957658337
"opt-6.7b",64,10,0.0513932213061867,0.0421119904060535,0.06067445220632,0.0294726769876176,0.0215153626849856,0.0374299912902496
"opt-6.7b",80,10,0.0534007376388356,0.0442388918407838,0.0625625834368874,0.0317748034335409,0.0234754667441692,0.0400741401229126
"opt-6.7b",100,10,0.0540591074370197,0.0455199132628927,0.0625983016111468,0.0337394542458395,0.0255482874640727,0.0419306210276064
"opt-6.7b",128,10,0.0549508241767998,0.0464993358339724,0.0634023125196272,0.0355396240305248,0.0272217463410331,0.0438575017200164
"opt-6.7b",160,10,0.0524020209534861,0.0435169286882017,0.0612871132187706,0.0344162414779318,0.0257006346317877,0.0431318483240759
"opt-6.7b",200,10,0.0524667743863557,0.044396139142104,0.0605374096306074,0.0351826340689189,0.0271092460290144,0.0432560221088234
"opt-6.7b",256,10,0.0525277481192768,0.0447025477429936,0.06035294849556,0.0357830533596741,0.0280204104851766,0.0435456962341715
"opt-6.7b",320,10,0.0524927189132405,0.0449448533525901,0.0600405844738909,0.0360283748881182,0.0284752500333341,0.0435814997429022
"opt-6.7b",400,10,0.0529855502187295,0.0451713711887665,0.0607997292486925,0.0370702658492358,0.0292709000237482,0.0448696316747235
"opt-6.7b",512,10,0.0530962920185764,0.0453655564305767,0.0608270276065761,0.0371960922339712,0.02947676184451,0.0449154226234324
"opt-6.7b",640,10,0.0521653683845548,0.0441959315441454,0.0601348052249642,0.036267333865624,0.0284844010833046,0.0440502666479434
"opt-6.7b",800,10,0.0523272943735531,0.0445348809201369,0.0601197078269694,0.0365170289903835,0.0287990968474123,0.0442349611333548
"opt-6.7b",1024,10,0.051817955964361,0.0437605571788808,0.0598753547498412,0.0361961501644691,0.0282786442724525,0.0441136560564857
"opt-6.7b",2048,10,0.0519266870406195,0.0438137665162212,0.0600396075650177,0.0362413526510716,0.0282621757902144,0.0442205295119287
"opt-66b",2,10,0.0659371765895187,0.0600039952653652,0.0718703579136722,0.011937774403915,0.00611065562624151,0.0177648931815885
"opt-66b",3,10,0.059607826815413,0.0548314760952427,0.0643841775355834,0.0144167031081717,0.00984415882934143,0.018989247387002
"opt-66b",4,10,0.0549333206669067,0.0492307279982558,0.0606359133355576,0.0141881896168192,0.010652678600666,0.0177237006329724
"opt-66b",5,10,0.0459545093888981,0.0395791784679093,0.0523298403098869,0.0103249905433284,0.00643898589006567,0.0142109951965911
"opt-66b",6,10,0.0435137642023712,0.0366511106685454,0.0503764177361969,0.0102514841541526,0.00642247707124237,0.0140804912370628
"opt-66b",7,10,0.0407468224744921,0.0332495908110172,0.048244054137967,0.00963394418172493,0.00539725185558741,0.0138706365078624
"opt-66b",8,10,0.0400689356963022,0.0328155123984328,0.0473223589941715,0.00987203140998847,0.0059946252026967,0.0137494376172802
"opt-66b",10,10,0.0397028552287537,0.0326676197931923,0.0467380906643151,0.0108071630447647,0.00662265551117238,0.0149916705783571
"opt-66b",12,10,0.038843532653895,0.0318270391557558,0.0458600261520342,0.0114617279361573,0.00706767510221131,0.0158557807701033
"opt-66b",16,10,0.0366853293500438,0.0293869091740873,0.0439837495260003,0.0119888489065663,0.00746187178560824,0.0165158260275244
"opt-66b",20,10,0.0372177360664807,0.0296056505896293,0.0448298215433321,0.0133972661935355,0.00837416510084454,0.0184203672862264
"opt-66b",25,10,0.0398037375977884,0.0326811195858783,0.0469263556096984,0.0163190224866924,0.0113667163410637,0.021271328632321
"opt-66b",32,10,0.0407764112686507,0.0334244929790857,0.0481283295582158,0.0186779043734651,0.0133107541584464,0.0240450545884837
"opt-66b",40,10,0.0408289962164942,0.0335907485887485,0.0480672438442398,0.0199040798479952,0.014291452269147,0.0255167074268434
"opt-66b",50,10,0.0437008381804368,0.035706811740489,0.0516948646203847,0.0237529201617532,0.016839768349951,0.0306660719735554
"opt-66b",64,10,0.0456765012509504,0.0375343474010116,0.0538186551008892,0.0268247276554713,0.0196894817568631,0.0339599735540794
"opt-66b",80,10,0.047396772119812,0.0389911539369272,0.0558023903026967,0.0289043033138903,0.0213723861527038,0.0364362204750769
"opt-66b",100,10,0.047464452527262,0.0398265296486973,0.0551023754058266,0.0301872662291936,0.0230290804676333,0.037345451990754
"opt-66b",128,10,0.0482272185457965,0.0413657463712536,0.0550886907203395,0.0313857086293002,0.0244378555202512,0.0383335617383492
"opt-66b",160,10,0.0466575753699245,0.0393828003832575,0.0539323503565916,0.0308057358260164,0.023547805051457,0.0380636666005758
"opt-66b",200,10,0.0467430933888772,0.0398547505465955,0.0536314362311589,0.0317421622744702,0.0247406121410317,0.0387437124079086
"opt-66b",256,10,0.0469471966806061,0.0401087514889984,0.0537856418722139,0.0324167209066095,0.0255033241207542,0.0393301176924648
"opt-66b",320,10,0.0463986448958496,0.0397011418206045,0.0530961479710947,0.0320758664676634,0.0253213065900758,0.038830426345251
"opt-66b",400,10,0.0463973137332181,0.0395387480640599,0.0532558794023763,0.032469844220929,0.0254790250405263,0.0394606634013318
"opt-66b",512,10,0.0466287067617421,0.0398302539756117,0.0534271595478725,0.032752574059373,0.0259039879190156,0.0396011601997304
"opt-66b",640,10,0.0461355083620577,0.0394002024311631,0.0528708142929523,0.0321620994562001,0.025318933018207,0.0390052658941933
"opt-66b",800,10,0.0459112572648564,0.039151852289204,0.0526706622405089,0.0319768300072548,0.0250997784440041,0.0388538815705054
"opt-66b",1024,10,0.044939127779112,0.0378235392405326,0.0520547163176915,0.0313305624170118,0.0241498906677386,0.038511234166285
"opt-66b",2048,10,0.0449215039510933,0.0377939946203553,0.0520490132818312,0.031299411847666,0.0241005645345057,0.0384982591608263
