"model","context","cor_with_unisurp","mean_surp"
"gpt-j-6b",2,0.898357184893281,10.2321461318848
"gpt-j-6b",3,0.804190423543101,8.63081335118077
"gpt-j-6b",4,0.752580196661979,7.84055977034516
"gpt-j-6b",5,0.7199505798724,7.33553188879095
"gpt-j-6b",6,0.694894820071667,6.99553092644891
"gpt-j-6b",7,0.678254357941415,6.73151996684185
"gpt-j-6b",8,0.667895768566038,6.5393577126326
"gpt-j-6b",10,0.646409533102599,6.23388008445885
"gpt-j-6b",12,0.625251013538521,5.98002921853939
"gpt-j-6b",16,0.59032187820305,5.62281671405714
"gpt-j-6b",20,0.56761052727135,5.40630608850624
"gpt-j-6b",25,0.546168899743923,5.21356981309672
"gpt-j-6b",32,0.520245174289435,5.0229336250624
"gpt-j-6b",40,0.498439607387719,4.8929894805899
"gpt-j-6b",50,0.481078942754635,4.75651225838046
"gpt-j-6b",64,0.462516556920721,4.64018277072835
"gpt-j-6b",80,0.447851195361826,4.54715692599649
"gpt-j-6b",100,0.433205356331062,4.46184993587364
"gpt-j-6b",128,0.424196042770647,4.39861140246198
"gpt-j-6b",160,0.416422028065368,4.34816394900059
"gpt-j-6b",200,0.410640144238879,4.28749439968701
"gpt-j-6b",256,0.403231439302593,4.23730445596041
"gpt-j-6b",320,0.397631917345572,4.20088761263553
"gpt-j-6b",400,0.391564203550614,4.16963031095944
"gpt-j-6b",512,0.38942388423171,4.14852834117882
"gpt-j-6b",640,0.389089952140226,4.13680388911759
"gpt-j-6b",800,0.388820689581318,4.12596789889138
"gpt-j-6b",1024,0.387814111684656,4.11819873483814
"gpt-j-6b",2048,0.387693951080019,4.11755796752633
"gpt-neo-1.3b",2,0.906390277646294,10.5447068808229
"gpt-neo-1.3b",3,0.815509387597153,8.78877991656104
"gpt-neo-1.3b",4,0.766209776541427,8.02157118259068
"gpt-neo-1.3b",5,0.734707803720889,7.53400990069228
"gpt-neo-1.3b",6,0.71268261706564,7.19641478809185
"gpt-neo-1.3b",7,0.697941077117712,6.95521021388846
"gpt-neo-1.3b",8,0.690156868869218,6.77262326708073
"gpt-neo-1.3b",10,0.669897252865255,6.49711879028959
"gpt-neo-1.3b",12,0.653508506476097,6.26762621718994
"gpt-neo-1.3b",16,0.625545194702156,5.9542965605938
"gpt-neo-1.3b",20,0.60806573262551,5.76028137035199
"gpt-neo-1.3b",25,0.589831025582795,5.58192330405519
"gpt-neo-1.3b",32,0.564892178038344,5.4100698169491
"gpt-neo-1.3b",40,0.547523412681567,5.29323738647621
"gpt-neo-1.3b",50,0.531639681671911,5.17795915317083
"gpt-neo-1.3b",64,0.515442720647058,5.06538495057527
"gpt-neo-1.3b",80,0.503059291137051,4.97919088210023
"gpt-neo-1.3b",100,0.487343455822073,4.89539866489177
"gpt-neo-1.3b",128,0.478632084516803,4.82804607955246
"gpt-neo-1.3b",160,0.4695454872105,4.78422254654934
"gpt-neo-1.3b",200,0.462763454122013,4.72318225525839
"gpt-neo-1.3b",256,0.456099302150947,4.67810331822543
"gpt-neo-1.3b",320,0.451256535123635,4.64448712011895
"gpt-neo-1.3b",400,0.44382666080972,4.61866703237032
"gpt-neo-1.3b",512,0.441398915937808,4.59649380071665
"gpt-neo-1.3b",640,0.440399312282224,4.58372573380753
"gpt-neo-1.3b",800,0.441072090913566,4.57335927285004
"gpt-neo-1.3b",1024,0.439770605594504,4.56316859585023
"gpt-neo-125m",2,0.928877492014822,10.96507602164
"gpt-neo-125m",3,0.849850105318989,9.24479161520671
"gpt-neo-125m",4,0.8020956970363,8.5079110382537
"gpt-neo-125m",5,0.776091000676597,8.0557361374259
"gpt-neo-125m",6,0.756575202281272,7.74857729225721
"gpt-neo-125m",7,0.749534756038839,7.53121764849649
"gpt-neo-125m",8,0.740679050971378,7.3807743000819
"gpt-neo-125m",10,0.725749561525644,7.14631595573713
"gpt-neo-125m",12,0.715510559485434,6.95659856113885
"gpt-neo-125m",16,0.695379769610032,6.69626827354524
"gpt-neo-125m",20,0.683391351609266,6.52539897044462
"gpt-neo-125m",25,0.668433361871861,6.3833509263553
"gpt-neo-125m",32,0.645357095863788,6.22635957075078
"gpt-neo-125m",40,0.630234533034195,6.12704215475039
"gpt-neo-125m",50,0.613435888432508,6.02183778242492
"gpt-neo-125m",64,0.597849627804012,5.91957764690328
"gpt-neo-125m",80,0.584907368453762,5.84428518637286
"gpt-neo-125m",100,0.569606955585198,5.76355097108132
"gpt-neo-125m",128,0.561064818877462,5.7046708742736
"gpt-neo-125m",160,0.551729983173239,5.66040044891283
"gpt-neo-125m",200,0.54325213434123,5.60230221874317
"gpt-neo-125m",256,0.536280703999517,5.5582589093126
"gpt-neo-125m",320,0.532356872576873,5.52561151318838
"gpt-neo-125m",400,0.526001282570771,5.50139929006728
"gpt-neo-125m",512,0.524800272488001,5.48454472469579
"gpt-neo-125m",640,0.522145019388071,5.47182145504875
"gpt-neo-125m",800,0.520744881089649,5.46335694557625
"gpt-neo-125m",1024,0.519185440937056,5.45129855954856
"gpt-neo-125m",2048,0.518671048860993,5.44871121131825
"gpt-neo-2.7b",2,0.911180635882969,10.329594450234
"gpt-neo-2.7b",3,0.812788121113611,8.69785609135726
"gpt-neo-2.7b",4,0.762340205361398,7.93082041815718
"gpt-neo-2.7b",5,0.731890907229111,7.44812407055967
"gpt-neo-2.7b",6,0.708211611268995,7.1131482807615
"gpt-neo-2.7b",7,0.691633518104346,6.86394764190328
"gpt-neo-2.7b",8,0.68148402641402,6.68325174418877
"gpt-neo-2.7b",10,0.659133612025367,6.40195708223089
"gpt-neo-2.7b",12,0.641697510874281,6.17463206887188
"gpt-neo-2.7b",16,0.60960422064832,5.84423790803822
"gpt-neo-2.7b",20,0.590746740065897,5.63709870472894
"gpt-neo-2.7b",25,0.569434706181897,5.45074033746587
"gpt-neo-2.7b",32,0.542641857438444,5.28519116690328
"gpt-neo-2.7b",40,0.52322984229982,5.15657069726404
"gpt-neo-2.7b",50,0.508375940043364,5.03222775978062
"gpt-neo-2.7b",64,0.490849268346006,4.91594296759945
"gpt-neo-2.7b",80,0.479650208115415,4.8246836687695
"gpt-neo-2.7b",100,0.465598261772967,4.73603307915757
"gpt-neo-2.7b",128,0.45570269880814,4.67034120472504
"gpt-neo-2.7b",160,0.446466566842134,4.6206265487227
"gpt-neo-2.7b",200,0.440488899557222,4.56367267164977
"gpt-neo-2.7b",256,0.435671278048299,4.52098112292512
"gpt-neo-2.7b",320,0.431463792398472,4.48872942807722
"gpt-neo-2.7b",400,0.426877517093363,4.46379225440425
"gpt-neo-2.7b",512,0.424682979651883,4.44377708479914
"gpt-neo-2.7b",640,0.423816591548387,4.42995543674337
"gpt-neo-2.7b",800,0.423247626275835,4.41982069833073
"gpt-neo-2.7b",1024,0.42212300607238,4.41163152582878
"gpt-neo-2.7b",2048,0.421659627320419,4.40851103074103
"gpt2",2,0.959605025024731,11.3650422505363
"gpt2",3,0.830233262268489,9.02478019419072
"gpt2",4,0.784746731077331,8.37212274554407
"gpt2",5,0.759514713888085,7.96331004545242
"gpt2",6,0.745494815559872,7.68646451996392
"gpt2",7,0.736830630877138,7.47182896425117
"gpt2",8,0.729424577514998,7.30625409159517
"gpt2",10,0.717093405623412,7.06508957790562
"gpt2",12,0.705786657308106,6.87475755942863
"gpt2",16,0.685538452903074,6.61092931412442
"gpt2",20,0.673405394911936,6.4469558868633
"gpt2",25,0.66030159396191,6.31152049042902
"gpt2",32,0.638047347305155,6.15818244734789
"gpt2",40,0.626116216901386,6.06038646638066
"gpt2",50,0.610641303829387,5.95797297167902
"gpt2",64,0.593985870693866,5.85065964815328
"gpt2",80,0.582399337930126,5.7765422974844
"gpt2",100,0.568695094760301,5.70087285427847
"gpt2",128,0.559025403609892,5.64317500760043
"gpt2",160,0.549378254110004,5.59416428386603
"gpt2",200,0.542260159330527,5.53781536683112
"gpt2",256,0.536023329836372,5.49612641483132
"gpt2",320,0.533504115484449,5.46216670727379
"gpt2",400,0.528040158862512,5.44000705906299
"gpt2",512,0.526499659667752,5.4230406005977
"gpt2",640,0.524821825915779,5.40959699970554
"gpt2",800,0.524091929824858,5.40638819881045
"gpt2",1024,0.52498596637088,5.40072035781006
"gpt2-large",2,0.897518935282736,10.1601798745739
"gpt2-large",3,0.811386200087972,8.74310165362227
"gpt2-large",4,0.765323741613921,8.05679447400156
"gpt2-large",5,0.735609924917787,7.61508618398986
"gpt2-large",6,0.718080781538027,7.29952994287246
"gpt2-large",7,0.705014391602961,7.05252934393136
"gpt2-large",8,0.695303496646721,6.86537270303042
"gpt2-large",10,0.675362029173325,6.57840886895573
"gpt2-large",12,0.658980787029754,6.35100849809672
"gpt2-large",16,0.630215198223814,6.04539701967531
"gpt2-large",20,0.615086872905338,5.8581334324883
"gpt2-large",25,0.593935039518405,5.6888366487929
"gpt2-large",32,0.568952594154365,5.52514700790172
"gpt2-large",40,0.553641424567639,5.4135219655899
"gpt2-large",50,0.536747502855133,5.29642992659321
"gpt2-large",64,0.519224615801193,5.19517381500975
"gpt2-large",80,0.505884472981699,5.11408152009848
"gpt2-large",100,0.492684904050641,5.03147027753413
"gpt2-large",128,0.484187221918112,4.97090764356572
"gpt2-large",160,0.47427181103584,4.91991597184575
"gpt2-large",200,0.467684104944475,4.86106241051385
"gpt2-large",256,0.462098529605912,4.81917279038222
"gpt2-large",320,0.458491049264256,4.78754080326833
"gpt2-large",400,0.452823810026165,4.76542529030129
"gpt2-large",512,0.450865772279466,4.74575855412539
"gpt2-large",640,0.450547567205164,4.73494590085316
"gpt2-large",800,0.451060979616116,4.7279246624532
"gpt2-large",1024,0.450345428061235,4.71934040156591
"gpt2-medium",2,0.88133306966481,10.6192364533853
"gpt2-medium",3,0.814370355022392,8.83697999191205
"gpt2-medium",4,0.767993484997952,8.14633907546217
"gpt2-medium",5,0.740698674568346,7.70655164230304
"gpt2-medium",6,0.724675225618989,7.40244154645086
"gpt2-medium",7,0.711676158976838,7.17795966877145
"gpt2-medium",8,0.700123961729439,7.00356582553237
"gpt2-medium",10,0.681484642647936,6.74116658299825
"gpt2-medium",12,0.667242653497136,6.52800180026814
"gpt2-medium",16,0.642824286420135,6.23056457786369
"gpt2-medium",20,0.627369326904183,6.06106255589313
"gpt2-medium",25,0.608053047680981,5.895800637578
"gpt2-medium",32,0.583059358036274,5.73258740201443
"gpt2-medium",40,0.569543556660286,5.63422001187695
"gpt2-medium",50,0.553765758339019,5.52159459483132
"gpt2-medium",64,0.538263964759979,5.41636362440815
"gpt2-medium",80,0.526760001366498,5.3344784761564
"gpt2-medium",100,0.515456968773931,5.25823036374805
"gpt2-medium",128,0.505831910440754,5.19691079788807
"gpt2-medium",160,0.497806163906166,5.15083315203881
"gpt2-medium",200,0.489494146379064,5.09059930017551
"gpt2-medium",256,0.48419893207548,5.05179115769988
"gpt2-medium",320,0.481242620631628,5.02274457534224
"gpt2-medium",400,0.475137688581876,4.99914473757898
"gpt2-medium",512,0.473971992197402,4.97942365537539
"gpt2-medium",640,0.472926912787937,4.9696958080899
"gpt2-medium",800,0.47331630349979,4.96486992484107
"gpt2-medium",1024,0.472946792211419,4.95573086906981
"gpt2-xl",2,0.896000026618619,10.121521279611
"gpt2-xl",3,0.807934613738344,8.71784572650254
"gpt2-xl",4,0.762565157578132,8.01809143951931
"gpt2-xl",5,0.730937746376455,7.56295579530226
"gpt2-xl",6,0.712504407323269,7.23965037758678
"gpt2-xl",7,0.699198752660638,6.98889984645086
"gpt2-xl",8,0.68703111364592,6.79962804400156
"gpt2-xl",10,0.665137163934398,6.50070750218409
"gpt2-xl",12,0.648017452561224,6.2672537857108
"gpt2-xl",16,0.618862201682368,5.94475677771646
"gpt2-xl",20,0.602038979837904,5.74908117148206
"gpt2-xl",25,0.581592377930737,5.58107588944715
"gpt2-xl",32,0.555168641778602,5.40425736299825
"gpt2-xl",40,0.539704852025334,5.27818290858424
"gpt2-xl",64,0.505210642046989,5.0510068670154
"gpt2-xl",128,0.468252848467483,4.81999169934087
"gpt2-xl",256,0.447489375319647,4.67754625421997
"gpt2-xl",512,0.436375415112926,4.59700017668389
"gpt2-xl",1024,0.435449422658378,4.57194808330246
"opt-1.3b",2,0.929439694775374,10.6387492069745
"opt-1.3b",3,0.81594110230257,8.86929417541927
"opt-1.3b",4,0.766738400081519,8.13863049559673
"opt-1.3b",5,0.737821855642018,7.67713008758385
"opt-1.3b",6,0.718483157908142,7.34363551058502
"opt-1.3b",7,0.705903028720807,7.08299812311818
"opt-1.3b",8,0.69419572299093,6.87690628091654
"opt-1.3b",10,0.672831238787393,6.5567832606133
"opt-1.3b",12,0.656385845548993,6.30744893827613
"opt-1.3b",16,0.627408328492299,5.9662640718243
"opt-1.3b",20,0.609067606667969,5.75963219517648
"opt-1.3b",25,0.587394745085764,5.57129806875975
"opt-1.3b",32,0.559608314753787,5.38824786641283
"opt-1.3b",40,0.542538507783623,5.27234934381143
"opt-1.3b",50,0.52436432488829,5.15231694521646
"opt-1.3b",64,0.508696146236159,5.04172588073713
"opt-1.3b",80,0.497985546086485,4.95779047425897
"opt-1.3b",100,0.48070808907149,4.87191205349844
"opt-1.3b",128,0.47069745078549,4.81086981837266
"opt-1.3b",160,0.460642967876705,4.76878231085901
"opt-1.3b",200,0.454001036124287,4.70121947501755
"opt-1.3b",256,0.446473993007629,4.65834621099746
"opt-1.3b",320,0.442757878229706,4.62443485764918
"opt-1.3b",400,0.438405103879867,4.60173190406006
"opt-1.3b",512,0.436412858712139,4.57907996543584
"opt-1.3b",640,0.435969394522417,4.56969961354232
"opt-1.3b",800,0.435703961827314,4.56087607983912
"opt-1.3b",1024,0.435292447284148,4.55307570017843
"opt-1.3b",2048,0.43597416611785,4.55286564813475
"opt-125m",2,0.957707710429949,11.8939966687402
"opt-125m",3,0.831877089420854,9.20597578029739
"opt-125m",4,0.792128526324475,8.54660287170534
"opt-125m",5,0.772578154033735,8.12889333396646
"opt-125m",6,0.757916092884739,7.8338636348986
"opt-125m",7,0.74755464662818,7.61507040378998
"opt-125m",8,0.741386753764186,7.44888992522523
"opt-125m",10,0.728645607761587,7.19320123065718
"opt-125m",12,0.717748767729099,6.98363723543487
"opt-125m",16,0.695849098791607,6.6871524394491
"opt-125m",20,0.684287659604794,6.51306069790952
"opt-125m",25,0.667423601589754,6.3588868456718
"opt-125m",32,0.642442558552124,6.1898023393516
"opt-125m",40,0.628103437483726,6.09294213497952
"opt-125m",50,0.610938389175222,5.98391107885726
"opt-125m",64,0.596016442635283,5.87891180726599
"opt-125m",80,0.582387340115348,5.8011704473908
"opt-125m",100,0.567595974921596,5.72804743312013
"opt-125m",128,0.557624586343983,5.6736369250585
"opt-125m",160,0.549269441304797,5.62798172678237
"opt-125m",200,0.539931595253137,5.57282720395281
"opt-125m",256,0.533307791447471,5.52952284828296
"opt-125m",320,0.529993607741215,5.49699673607157
"opt-125m",400,0.524705125778099,5.47622000675897
"opt-125m",512,0.523381676954678,5.46163708620905
"opt-125m",640,0.521948584444256,5.44825619545534
"opt-125m",800,0.520191609665502,5.43971201001853
"opt-125m",1024,0.519906644647355,5.4337826725195
"opt-125m",2048,0.519309555401109,5.43025210040172
"opt-13b",2,0.902866347036253,10.3373704186125
"opt-13b",3,0.885352093516538,9.80676401768428
"opt-13b",4,0.769238268292212,8.13004582376853
"opt-13b",5,0.728562485645277,7.54429879871295
"opt-13b",6,0.703972176398702,7.18159119461388
"opt-13b",7,0.685321920132961,6.89824241628217
"opt-13b",8,0.673312425050175,6.66803360751365
"opt-13b",10,0.651327984414335,6.3135949361837
"opt-13b",12,0.630337784805271,6.04050896303335
"opt-13b",16,0.593215671114699,5.65177421500683
"opt-13b",20,0.572411439391774,5.43300650237324
"opt-13b",25,0.546929118614736,5.22093911830148
"opt-13b",32,0.516437610921948,5.02774808365542
"opt-13b",40,0.497265196584174,4.88989660806064
"opt-13b",50,0.476990222147019,4.74418874108424
"opt-13b",64,0.46083842069,4.6287359048479
"opt-13b",80,0.44831979037321,4.54337288084633
"opt-13b",100,0.432912757383815,4.45885523509555
"opt-13b",128,0.421468894993443,4.39549805747367
"opt-13b",160,0.412026886834503,4.34881117230499
"opt-13b",200,0.405364399377638,4.28735968077223
"opt-13b",256,0.397763828823245,4.23735453153764
"opt-13b",320,0.394665049920826,4.20469061762383
"opt-13b",400,0.387969916204737,4.17921577026229
"opt-13b",512,0.386276636195491,4.1638205763358
"opt-13b",640,0.385767118227944,4.14820004291049
"opt-13b",800,0.385079402804503,4.14030625593799
"opt-13b",1024,0.384085561144493,4.13255290639235
"opt-13b",2048,0.383707281644871,4.13261641419657
"opt-2.7b",2,0.923799086909666,10.6579141343886
"opt-2.7b",3,0.813138986805934,8.82421561591946
"opt-2.7b",4,0.762986710161154,8.09795844730304
"opt-2.7b",5,0.73399054195312,7.62197214020086
"opt-2.7b",6,0.712643681853708,7.28443008421509
"opt-2.7b",7,0.696832462782126,7.02368466906201
"opt-2.7b",8,0.686021234097599,6.81668636812402
"opt-2.7b",10,0.662589393037434,6.48598774016088
"opt-2.7b",12,0.646726508731222,6.22423338238885
"opt-2.7b",16,0.613183010569328,5.8640704967502
"opt-2.7b",20,0.593703597862748,5.64423839408346
"opt-2.7b",25,0.570473525056246,5.44746247209731
"opt-2.7b",32,0.540955340778433,5.24762066185452
"opt-2.7b",40,0.520953267508388,5.1158059748986
"opt-2.7b",50,0.503339905860472,4.98190726788319
"opt-2.7b",64,0.487551447951146,4.87213725286272
"opt-2.7b",80,0.475866178343205,4.7800636312188
"opt-2.7b",100,0.460151454258178,4.69411280378998
"opt-2.7b",128,0.450478942959155,4.62863279570885
"opt-2.7b",160,0.439664837904177,4.58085673851307
"opt-2.7b",200,0.433578947491233,4.51955203349161
"opt-2.7b",256,0.426908160538467,4.47931394373245
"opt-2.7b",320,0.422845275161644,4.44315453663417
"opt-2.7b",400,0.41623666148635,4.41718474047777
"opt-2.7b",512,0.414235970865538,4.39855154966556
"opt-2.7b",640,0.414426079060262,4.38776492533346
"opt-2.7b",800,0.413090159945238,4.38187415639333
"opt-2.7b",1024,0.412845905371285,4.37552078618077
"opt-2.7b",2048,0.412702144072501,4.37403151243857
"opt-30b",2,0.887059097656177,10.0635181113631
"opt-30b",3,0.851580474791391,9.25437094070885
"opt-30b",4,0.766063732219522,8.0536087767931
"opt-30b",5,0.727109948685451,7.49322726391576
"opt-30b",6,0.699513379544417,7.12457879626755
"opt-30b",7,0.680819382108314,6.83221366769598
"opt-30b",8,0.667934513349182,6.60668896859692
"opt-30b",10,0.643157994813021,6.2486506711369
"opt-30b",12,0.620183063915171,5.96598571870807
"opt-30b",16,0.583046409085756,5.57145313458756
"opt-30b",20,0.560948587915974,5.34974510935452
"opt-30b",25,0.535276752099831,5.13956647223772
"opt-30b",32,0.50585767417322,4.93536564210511
"opt-30b",40,0.48553229668342,4.81154333707781
"opt-30b",50,0.464796099137518,4.67739018951443
"opt-30b",64,0.448622971967703,4.55934370857937
"opt-30b",80,0.436060001234121,4.46805900658834
"opt-30b",100,0.418882124225013,4.38266435094579
"opt-30b",128,0.409135295829784,4.31580346749025
"opt-30b",160,0.399841579175828,4.26608146173849
"opt-30b",200,0.392374904222882,4.20004593404349
"opt-30b",256,0.386577032204816,4.14984965328393
"opt-30b",320,0.383442307963373,4.11616829467531
"opt-30b",400,0.378342281440737,4.08960774132703
"opt-30b",512,0.377412648096424,4.07139767575273
"opt-30b",640,0.377714937074155,4.0592651511564
"opt-30b",800,0.377392662076531,4.04877886670632
"opt-30b",1024,0.377121659859068,4.04513634886506
"opt-30b",2048,0.377006571315273,4.04346466155519
"opt-350m",2,0.947296739910356,11.2372666023869
"opt-350m",3,0.828715398743261,9.10426779285004
"opt-350m",4,0.783798639265587,8.428230471367
"opt-350m",5,0.76007276517372,7.99470290675702
"opt-350m",6,0.748097274276328,7.68694983046997
"opt-350m",7,0.736898975922869,7.4497902224844
"opt-350m",8,0.72812441289038,7.27124030917024
"opt-350m",10,0.711548633704892,6.99241365915757
"opt-350m",12,0.700498321276219,6.77007647705636
"opt-350m",16,0.676181718659015,6.45850373948518
"opt-350m",20,0.663573890208296,6.2742030982654
"opt-350m",25,0.646947524060524,6.11102210696373
"opt-350m",32,0.621763815679298,5.93469481013261
"opt-350m",40,0.607805984430596,5.81913510390796
"opt-350m",50,0.591817605579988,5.70846886557625
"opt-350m",64,0.574924339090424,5.59948749182917
"opt-350m",80,0.562182551599374,5.52356744402301
"opt-350m",100,0.546287486752826,5.43993088725722
"opt-350m",128,0.534249364579108,5.3755571551365
"opt-350m",160,0.523036078209961,5.32382510547679
"opt-350m",200,0.514316308389127,5.25994034109789
"opt-350m",256,0.506152642606722,5.20963324674045
"opt-350m",320,0.502757053499462,5.17926379783541
"opt-350m",400,0.496112316074031,5.15990524464801
"opt-350m",512,0.494702865088644,5.14448134857352
"opt-350m",640,0.493698229112748,5.12924828190035
"opt-350m",800,0.49289631623097,5.12404648233619
"opt-350m",1024,0.492327172528219,5.11518939528861
"opt-350m",2048,0.492025166088927,5.11256407938085
"opt-6.7b",2,0.932421790308092,10.7287136955246
"opt-6.7b",3,0.808042703234757,8.73702258930967
"opt-6.7b",4,0.759171429032617,7.99916307179017
"opt-6.7b",5,0.725637851946435,7.49575774284029
"opt-6.7b",6,0.703141380002083,7.15050417681845
"opt-6.7b",7,0.686779923646397,6.8805124137383
"opt-6.7b",8,0.675238365053367,6.66082622126073
"opt-6.7b",10,0.649577251143912,6.32840226938768
"opt-6.7b",12,0.631790241387876,6.06986578266478
"opt-6.7b",16,0.59886517720104,5.70332629811622
"opt-6.7b",20,0.578667069625477,5.48355527465289
"opt-6.7b",25,0.553650526992706,5.28350249636701
"opt-6.7b",32,0.52511345217431,5.08595403365347
"opt-6.7b",40,0.504758684262391,4.95188321906006
"opt-6.7b",50,0.485156563953475,4.81847303331221
"opt-6.7b",64,0.469365199701834,4.70194897532274
"opt-6.7b",80,0.456614581552917,4.60821874450078
"opt-6.7b",100,0.441113764559351,4.52427446774474
"opt-6.7b",128,0.429739407857496,4.4578038417814
"opt-6.7b",160,0.419861801293851,4.40742158747075
"opt-6.7b",200,0.413381936217923,4.34434206528569
"opt-6.7b",256,0.406083511242229,4.29590403399084
"opt-6.7b",320,0.403512812559197,4.26339450768721
"opt-6.7b",400,0.396766101722781,4.23722493241615
"opt-6.7b",512,0.395517760922694,4.21885640984887
"opt-6.7b",640,0.39616837797857,4.21125706913514
"opt-6.7b",800,0.395059261086922,4.20440761468994
"opt-6.7b",1024,0.394758532407948,4.19668937072738
"opt-6.7b",2048,0.394717070792482,4.19537554516673
"opt-66b",2,0.925685725861339,10.6695740977252
"opt-66b",3,0.80270663643408,8.68146314242882
"opt-66b",4,0.752291013458436,7.93753468407176
"opt-66b",5,0.719703831458361,7.42520335589509
"opt-66b",6,0.693560855996492,7.05988132217629
"opt-66b",7,0.673646516694304,6.7756556588631
"opt-66b",8,0.660888902177036,6.56015220905129
"opt-66b",10,0.635030472393668,6.20105002041732
"opt-66b",12,0.611761702466961,5.92372988299434
"opt-66b",16,0.575474425676683,5.53052681835218
"opt-66b",20,0.552590989646721,5.29825343290854
"opt-66b",25,0.526931110185077,5.08263474450468
"opt-66b",32,0.497090913867792,4.88308386275156
"opt-66b",40,0.476434974199757,4.74731750451931
"opt-66b",50,0.456611120071946,4.60274167584146
"opt-66b",64,0.439336204391683,4.48842358411174
"opt-66b",80,0.425076379510192,4.3939396425312
"opt-66b",100,0.411073795925605,4.31980570151911
"opt-66b",128,0.402575042705864,4.25271731763456
"opt-66b",160,0.394426041518653,4.20378612311233
"opt-66b",200,0.386472612837835,4.13865790954173
"opt-66b",256,0.380815773499262,4.08756211363592
"opt-66b",320,0.378898470510586,4.05471709038514
"opt-66b",400,0.373536924793266,4.02795813233619
"opt-66b",512,0.372272192324552,4.01162664854329
"opt-66b",640,0.373278375689101,3.99632124972991
"opt-66b",800,0.372560470217696,3.98953092724356
"opt-66b",1024,0.371661740580201,3.98166420808307
"opt-66b",2048,0.371489459391629,3.98044886104622
