ud_pos,estimate,lower_ci,upper_ci,prob_pos
ADJ,0.012045294500000001,-0.0058084996350000005,0.028632385099999998,0.929
ADP,0.012139299499999999,0.0012505047875000003,0.023552574950000002,0.982
ADV,0.0078311991,-0.00773270894,0.02343388865000001,0.87125
AUX,0.0176391215,0.00138266914,0.035405335,0.9805
CCONJ,0.0062953542,-0.0058694279374999995,0.017337233900000002,0.879
DET,0.00901648365,-0.0025206469599999997,0.020737002400000003,0.94425
NOUN,0.0346800585,0.0014112325475,0.06790842735000001,0.9795
NUM,0.043361464,0.00377604479,0.07968817980000001,0.98125
PART,0.018010407,-0.0012685682349999996,0.0385859932,0.968
PRON,0.0118439095,-0.0026037918074999994,0.026333706575,0.9535
PROPN,0.0298813925,-0.0422967151,0.10264658100000001,0.805
SCONJ,0.00712748745,-0.0110424818,0.022752912875000017,0.8115
VERB,0.0157835085,0.002030715882500001,0.029380990775000004,0.9855
