"corpus","model","context","cor_with_unisurp","mean_surp","lower_surp","upper_surp"
"ns","gpt2",1,0.959614191751475,11.3653446649834,11.2286777020317,11.5020116279352
"ns","gpt2",2,0.830187402004094,9.02452467679894,8.9109737809387,9.13807557265919
"ns","gpt2",3,0.784710570700444,8.37212384780616,8.2629415301266,8.48130616548572
"ns","gpt2",4,0.759460257457799,7.96361250694325,7.857243564289,8.06998144959751
"ns","gpt2",5,0.745517885289804,7.6863107230938,7.58165522317691,7.79096622301069
"ns","gpt2",6,0.736887254881503,7.47217714484204,7.36932457805898,7.57502971162511
"ns","gpt2",7,0.729413307745799,7.30569268798557,7.2042929578948,7.40709241807634
"ns","gpt2",10,0.710155180565305,6.95726155570105,6.85868003738537,7.05584307401674
"ns","gpt2",12,0.699176967491341,6.80010595273108,6.70277661661597,6.8974352888462
"ns","gpt2",16,0.682301386086788,6.5658784298791,6.47045711971105,6.66129974004715
"ns","gpt2",20,0.671079379898512,6.41929849416049,6.32546227612266,6.51313471219833
"ns","gpt2",25,0.657147412790628,6.28266270796997,6.19003637580683,6.37528904013311
"ns","gpt2",32,0.637195598315017,6.14612469848186,6.05499100867856,6.23725838828517
"ns","gpt2",40,0.624506297734911,6.04804499869637,5.95795418866378,6.13813580872896
"ns","gpt2",50,0.607398796619214,5.94470625849454,5.85577901401172,6.03363350297736
"ns","gpt2",64,0.592366641545112,5.84365810738007,5.75573084483853,5.93158536992161
"ns","gpt2",80,0.582168192034669,5.77380776303432,5.68655803722052,5.86105748884812
"ns","gpt2",100,0.56846560467852,5.6972172049298,5.61093708089304,5.78349732896655
"ns","gpt2",128,0.558712325775138,5.6396453439177,5.55400443973928,5.72528624809613
"ns","gpt2",160,0.549513533719567,5.59311432201736,5.50802560852215,5.67820303551256
"ns","gpt2",200,0.541957254533759,5.53660131599552,5.45200300909104,5.62119962289999
"ns","gpt2",256,0.535876299534561,5.49605926899474,5.41178353669258,5.58033500129689
"ns","gpt2",320,0.532979103030757,5.46231665400644,5.37843534598679,5.54619796202608
"ns","gpt2",400,0.528122222039928,5.43980618765601,5.35610067074206,5.52351170456995
"ns","gpt2",512,0.526911114685182,5.4230087520232,5.33940259601265,5.50661490803376
"ns","gpt2",640,0.524892784201699,5.41022858834146,5.32673739629245,5.49371978039047
"ns","gpt2",800,0.524053006138375,5.40599922863202,5.3224267439233,5.48957171334075
"ns","gpt2",1023,0.524943534870603,5.40091747415951,5.31735316843844,5.48448177988059
"ns","gpt2-medium",1,0.881290325743597,10.6192364533805,10.4743780081261,10.7640948986348
"ns","gpt2-medium",2,0.814344002894031,8.83711745949786,8.72550280620416,8.94873211279156
"ns","gpt2-medium",3,0.768021136028934,8.14662990541342,8.03956670113658,8.25369310969025
"ns","gpt2-medium",4,0.740624681849049,7.70666967215873,7.60289121777272,7.81044812654475
"ns","gpt2-medium",5,0.724725548443136,7.40213885973381,7.30027718156118,7.50400053790644
"ns","gpt2-medium",6,0.711636980336115,7.17728215906689,7.07713804777804,7.27742627035574
"ns","gpt2-medium",7,0.700156846020557,7.00368288540952,6.90478523125727,7.10258053956176
"ns","gpt2-medium",10,0.673945719877064,6.62364911602964,6.52780924744166,6.71948898461762
"ns","gpt2-medium",12,0.658095990263585,6.44078928940815,6.34647756953362,6.53510100928269
"ns","gpt2-medium",16,0.638793671845953,6.18396800312988,6.09196597436826,6.27597003189149
"ns","gpt2-medium",20,0.623668124650171,6.02680948672289,5.93643518644697,6.11718378699882
"ns","gpt2-medium",25,0.604777177028375,5.86791372174337,5.77887419926004,5.9569532442267
"ns","gpt2-medium",32,0.582720369694864,5.72263778397426,5.63523988094529,5.81003568700323
"ns","gpt2-medium",40,0.567782930629112,5.62126433165757,5.5350527115465,5.70747595176864
"ns","gpt2-medium",50,0.551518046020403,5.51005811407956,5.42517247829356,5.59494374986556
"ns","gpt2-medium",64,0.536737336964989,5.40961988401423,5.32577965424692,5.49346011378155
"ns","gpt2-medium",80,0.525895460703315,5.3304369332108,5.24734816600521,5.41352570041639
"ns","gpt2-medium",100,0.514928332817969,5.25579715272913,5.17361857739135,5.33797572806692
"ns","gpt2-medium",128,0.504991978452152,5.1927228680392,5.11121153492626,5.27423420115214
"ns","gpt2-medium",160,0.497783403783927,5.15010251770378,5.06922785519494,5.23097718021263
"ns","gpt2-medium",200,0.489635021907932,5.08977180206708,5.009409475776,5.17013412835817
"ns","gpt2-medium",256,0.484326754291409,5.05235044841849,4.97223652422257,5.1324643726144
"ns","gpt2-medium",320,0.48137489551536,5.02292371017258,4.94316205722895,5.10268536311621
"ns","gpt2-medium",400,0.475272998324235,4.99858927036564,4.91907895870035,5.07809958203092
"ns","gpt2-medium",512,0.474277936316734,4.97919136290659,4.89986835593293,5.05851436988025
"ns","gpt2-medium",640,0.473129238589745,4.96925926978257,4.89004475172302,5.04847378784211
"ns","gpt2-medium",800,0.473277147002667,4.96510832144306,4.88592627390237,5.04429036898375
"ns","gpt2-medium",1023,0.473019258059989,4.95609288818838,4.87687731730752,5.03530845906923
"ns","gpt2-large",1,0.89751763362185,10.1601798745759,10.0314401094252,10.2889196397265
"ns","gpt2-large",2,0.811391186695137,8.74306937707878,8.63184046175227,8.85429829240529
"ns","gpt2-large",3,0.76531839216092,8.05677492438768,7.94968146478431,8.16386838399104
"ns","gpt2-large",4,0.735621736693711,7.6151215061681,7.5108299573297,7.7194130550065
"ns","gpt2-large",5,0.718081431287039,7.29947582228647,7.19697446758264,7.40197717699029
"ns","gpt2-large",6,0.705022126571397,7.05255167227086,6.95217917864003,7.1529241659017
"ns","gpt2-large",7,0.695312547507689,6.86535359015308,6.76629657946572,6.96441060084045
"ns","gpt2-large",10,0.668401842116246,6.45553489150449,6.35971709057286,6.55135269243611
"ns","gpt2-large",12,0.650109328533241,6.26070827396548,6.16672414296998,6.35469240496099
"ns","gpt2-large",16,0.625641576209573,5.99685290860862,5.9050562214742,6.08864959574304
"ns","gpt2-large",20,0.610321641303245,5.82203558423947,5.73185607706223,5.91221509141671
"ns","gpt2-large",25,0.590127194918937,5.65884243347309,5.56995590838734,5.74772895855884
"ns","gpt2-large",32,0.567722347239077,5.51093273445788,5.42355824974904,5.59830721916672
"ns","gpt2-large",40,0.551934500799802,5.40052520382313,5.31421375128502,5.48683665636124
"ns","gpt2-large",50,0.534239211756324,5.28464221467239,5.19966237751465,5.36962205183012
"ns","gpt2-large",64,0.517206394499641,5.18802778531981,5.10383514959047,5.27222042104915
"ns","gpt2-large",80,0.505086670820482,5.11086710785686,5.02740410951997,5.19433010619375
"ns","gpt2-large",100,0.491846236293168,5.02776464572445,4.9452420085335,5.11028728291541
"ns","gpt2-large",128,0.483542827513857,4.96812775040172,4.88619564433847,5.05005985646496
"ns","gpt2-large",160,0.474213419630224,4.91862137784516,4.83726286068443,4.9999798950059
"ns","gpt2-large",200,0.46743511651443,4.85981412902496,4.77903643072344,4.94059182732648
"ns","gpt2-large",256,0.461952285673632,4.8181989618633,4.73779002365857,4.89860790006803
"ns","gpt2-large",320,0.458615668574059,4.78681866391088,4.70683723287085,4.86680009495091
"ns","gpt2-large",400,0.452833216596808,4.76495208111642,4.68514994008741,4.84475422214543
"ns","gpt2-large",512,0.450768299266035,4.74556011686622,4.66598281790293,4.82513741582952
"ns","gpt2-large",640,0.450563347589458,4.73515750361349,4.65566436993311,4.81465063729388
"ns","gpt2-large",800,0.451102480967594,4.72765685017063,4.64821475726619,4.80709894307508
"ns","gpt2-large",1023,0.450368400138386,4.71936754096821,4.63996916240221,4.79876591953422
"ns","gpt2-xl",1,0.896000969957864,10.121521279609,9.99352344407374,10.2495191151443
"ns","gpt2-xl",2,0.807942502621875,8.71781968200566,8.60652098532859,8.82911837868272
"ns","gpt2-xl",3,0.762566198669385,8.01806551269696,7.91090388422606,8.12522714116786
"ns","gpt2-xl",4,0.730937738629446,7.56290696581513,7.45876115702615,7.66705277460411
"ns","gpt2-xl",5,0.712489078779225,7.23964485144696,7.13757957582667,7.34171012706724
"ns","gpt2-xl",6,0.699171736955075,6.98888341930187,6.88877256492098,7.08899427368276
"ns","gpt2-xl",7,0.687051423633229,6.799651048711,6.70102385191219,6.89827824550981
"ns","gpt2-xl",10,0.656005039409778,6.36883887357742,6.27336161710887,6.46431613004597
"ns","gpt2-xl",12,0.639661498365659,6.17125807482352,6.07760941653925,6.26490673310779
"ns","gpt2-xl",16,0.613045695504637,5.89275755294754,5.8015353186145,5.98397978728058
"ns","gpt2-xl",20,0.597273079995787,5.71268409844579,5.62319482709747,5.80217336979411
"ns","gpt2-xl",25,0.577481478166247,5.5505897194413,5.4625058181828,5.6386736206998
"ns","gpt2-xl",32,0.553959105043131,5.38969566842239,5.30311635423188,5.47627498261289
"ns","gpt2-xl",40,0.536892167913783,5.26603391525254,5.18088341378269,5.35118441672238
"ns","gpt2-xl",50,0.518720113215034,5.14472060373927,5.06087665740981,5.22856455006874
"ns","gpt2-xl",64,0.50411459270253,5.04627121654056,4.96326488959356,5.12927754348756
"ns","gpt2-xl",80,0.49149232089934,4.95984246231084,4.87760198509564,5.04208293952604
"ns","gpt2-xl",100,0.476831181891975,4.88184319868272,4.80049067243096,4.96319572493448
"ns","gpt2-xl",128,0.467975475084986,4.8196683131484,4.73890936757399,4.90042725872282
"ns","gpt2-xl",160,0.458740228143824,4.7760188949571,4.69568730376632,4.85635048614787
"ns","gpt2-xl",200,0.452408323407597,4.7167578524025,4.63698836507121,4.79652733973378
"ns","gpt2-xl",256,0.447409090610407,4.6765069311642,4.59708422860848,4.75592963371992
"ns","gpt2-xl",320,0.443505793850053,4.64302201063183,4.56414371859399,4.72190030266966
"ns","gpt2-xl",400,0.437977155875068,4.61877110764821,4.54023274878953,4.69730946650689
"ns","gpt2-xl",512,0.436325362924391,4.59681149050605,4.51851576604803,4.67510721496406
"ns","gpt2-xl",640,0.4361675366511,4.58778222683892,4.50953415246422,4.66603030121363
"ns","gpt2-xl",800,0.435347932090988,4.57958198216751,4.50133727961788,4.65782668471714
"ns","gpt2-xl",1023,0.435424961039719,4.57191818358327,4.49376545019603,4.65007091697051
"brown","gpt2",1,0.95909033139811,12.2937072110119,12.1113044494471,12.4761099725767
"brown","gpt2",2,0.842202220768921,9.89972289977467,9.74705381192596,10.0523919876234
"brown","gpt2",3,0.806987693652358,9.27742450256428,9.12975383096296,9.4250951741656
"brown","gpt2",4,0.787185686795677,8.87644165346005,8.73130522122307,9.02157808569704
"brown","gpt2",5,0.778479337942152,8.59599132265275,8.45302140286817,8.73896124243733
"brown","gpt2",6,0.76993019218684,8.40869093726154,8.26701975441901,8.55036212010408
"brown","gpt2",7,0.761494951232643,8.25227492034559,8.11129654451847,8.39325329617271
"brown","gpt2",10,0.752320237243203,7.89848682536909,7.76012820161154,8.03684544912665
"brown","gpt2",12,0.748607410091589,7.73287098388443,7.59534698177271,7.87039498599616
"brown","gpt2",16,0.739201028052473,7.53993970089853,7.40347194302391,7.67640745877315
"brown","gpt2",20,0.733168580119465,7.4078551503843,7.27291819768536,7.54279210308323
"brown","gpt2",25,0.728004330501074,7.29079197323334,7.15709640988312,7.42448753658357
"brown","gpt2",32,0.716190732897231,7.16186638572297,7.0298860961859,7.29384667526005
"brown","gpt2",40,0.709226376951838,7.06700546609483,6.93566407787921,7.19834685431045
"brown","gpt2",50,0.702136512497845,6.98932266235001,6.85930539170416,7.11933993299587
"brown","gpt2",64,0.696809138315598,6.90337184752143,6.77480549405509,7.03193820098776
"brown","gpt2",80,0.690460200690287,6.83747706068012,6.71044920445575,6.96450491690449
"brown","gpt2",100,0.681100870758863,6.76749388262095,6.64202905791263,6.89295870732928
"brown","gpt2",128,0.6718061704167,6.71129397482997,6.58699122956974,6.8355967200902
"brown","gpt2",160,0.662313421198972,6.6560776120846,6.53283349654451,6.7793217276247
"brown","gpt2",200,0.658466322889913,6.6250842667086,6.50234796161033,6.74782057180686
"brown","gpt2",256,0.656745051545094,6.60205069034697,6.47973093739,6.72437044330394
"brown","gpt2",320,0.656008151612685,6.58627136157313,6.4641387366162,6.70840398653005
"brown","gpt2",400,0.652956920931424,6.57550887796517,6.45380844857227,6.69720930735806
"brown","gpt2",512,0.651388814396343,6.55147470207769,6.43038827683391,6.67256112732147
"brown","gpt2",640,0.650526142489331,6.54689855205833,6.42615580576661,6.66764129835006
"brown","gpt2",800,0.649719555588504,6.54327626278131,6.42247805295142,6.6640744726112
"brown","gpt2",1023,0.649728469807372,6.54388306099807,6.42306532025912,6.66470080173702
"brown","gpt2-medium",1,0.883001841591159,11.5739611471883,11.3832364410519,11.7646858533247
"brown","gpt2-medium",2,0.831118747662398,9.71798710065662,9.56874797429844,9.86722622701481
"brown","gpt2-medium",3,0.796571090982982,9.07181117633536,8.92717215457262,9.2164501980981
"brown","gpt2-medium",4,0.777545344685482,8.65164754849461,8.51012894964761,8.7931661473416
"brown","gpt2-medium",5,0.765426418424153,8.33804297097871,8.19874183876744,8.47734410318999
"brown","gpt2-medium",6,0.754270950701513,8.11099949144457,7.97321222048481,8.24878676240432
"brown","gpt2-medium",7,0.747223650289354,7.94568565548521,7.80883014064114,8.08254117032927
"brown","gpt2-medium",10,0.733238295707353,7.53740299057644,7.40333191678683,7.67147406436605
"brown","gpt2-medium",12,0.726815966295289,7.36445874882638,7.23118082224134,7.49773667541141
"brown","gpt2-medium",16,0.714215361777727,7.13763699024053,7.00629956484227,7.2689744156388
"brown","gpt2-medium",20,0.705185714659092,6.98315220155792,6.85350173968205,7.1128026634338
"brown","gpt2-medium",25,0.69936616805199,6.83436748205557,6.70619523522946,6.96253972888168
"brown","gpt2-medium",32,0.686263082232627,6.68882075734725,6.5625619361628,6.8150795785317
"brown","gpt2-medium",40,0.676685784593467,6.58204932531379,6.45688925200257,6.70720939862502
"brown","gpt2-medium",50,0.667782422585186,6.48828407231546,6.36462939814629,6.61193874648463
"brown","gpt2-medium",64,0.66215300088712,6.40766847767349,6.28556384991009,6.52977310543689
"brown","gpt2-medium",80,0.653554231618169,6.33893242995853,6.21827702884737,6.45958783106969
"brown","gpt2-medium",100,0.644304194690509,6.25923220828587,6.14017021666706,6.37829419990468
"brown","gpt2-medium",128,0.633775761339169,6.19764990370611,6.07985548857245,6.31544431883977
"brown","gpt2-medium",160,0.623227093569245,6.14114490407797,6.02448293141325,6.25780687674268
"brown","gpt2-medium",200,0.620789843524941,6.10751897617777,5.99136774350739,6.22367020884815
"brown","gpt2-medium",256,0.617585031820542,6.08196699877246,5.96633571008074,6.19759828746418
"brown","gpt2-medium",320,0.617447522066155,6.06543658694913,5.95000017926556,6.18087299463271
"brown","gpt2-medium",400,0.615534842326906,6.05218678274952,5.93708897874221,6.16728458675682
"brown","gpt2-medium",512,0.613724169795332,6.0249842791927,5.91058617345508,6.13938238493032
"brown","gpt2-medium",640,0.612946903136133,6.02029866158557,5.90627988934863,6.13431743382251
"brown","gpt2-medium",800,0.612686126681439,6.01917862792922,5.90516929374179,6.13318796211666
"brown","gpt2-medium",1023,0.612913928545101,6.01871533475256,5.90471115749513,6.13271951200999
"brown","gpt2-large",1,0.900840741508809,11.025186791551,10.8532727608073,11.1971008222947
"brown","gpt2-large",2,0.831249620279316,9.66816341032762,9.51828057667152,9.81804624398372
"brown","gpt2-large",3,0.793813746653995,8.98700663028753,8.8425911107695,9.13142214980556
"brown","gpt2-large",4,0.770385954225319,8.55174719611833,8.41054785722821,8.69294653500845
"brown","gpt2-large",5,0.756276752497442,8.23179914743572,8.09275616557904,8.3708421292924
"brown","gpt2-large",6,0.744776996621511,8.00556131956317,7.86826185743336,8.14286078169299
"brown","gpt2-large",7,0.734951961831415,7.820389805564,7.68410008717429,7.95667952395371
"brown","gpt2-large",10,0.720385356218617,7.3867980434089,7.2535470884495,7.5200489983683
"brown","gpt2-large",12,0.71504711409583,7.20543307295687,7.07287555661458,7.33799058929916
"brown","gpt2-large",16,0.700117647449439,6.95446806958253,6.8237854525114,7.08515068665365
"brown","gpt2-large",20,0.691129862421512,6.78006595809649,6.65130695245896,6.90882496373401
"brown","gpt2-large",25,0.684574057076846,6.63172818268178,6.50421819124549,6.75923817411807
"brown","gpt2-large",32,0.670883206036416,6.46802936710119,6.34268136168842,6.59337737251396
"brown","gpt2-large",40,0.663131708128543,6.36022862624412,6.23553569863014,6.48492155385811
"brown","gpt2-large",50,0.655788514016358,6.26505419465165,6.14125527219235,6.38885311711094
"brown","gpt2-large",64,0.650804947927621,6.18468218271496,6.06200243877594,6.30736192665398
"brown","gpt2-large",80,0.640027688408772,6.11000590866187,5.9888051622324,6.23120665509134
"brown","gpt2-large",100,0.631575405391471,6.02427200234725,5.90506659995229,6.1434774047422
"brown","gpt2-large",128,0.620230543823126,5.96386424048383,5.84577053629689,6.08195794467077
"brown","gpt2-large",160,0.609290681141897,5.90876359544789,5.79174545780896,6.02578173308681
"brown","gpt2-large",200,0.606062879718267,5.87142355244954,5.75507611734882,5.98777098755027
"brown","gpt2-large",256,0.60148341007595,5.84356710986729,5.72758305806176,5.95955116167283
"brown","gpt2-large",320,0.600592841481526,5.82717922645148,5.7113811081674,5.94297734473556
"brown","gpt2-large",400,0.596978530348488,5.8090519976334,5.69368561116722,5.92441838409958
"brown","gpt2-large",512,0.595387624666947,5.78648444373514,5.67165962829379,5.90130925917649
"brown","gpt2-large",640,0.594829254066062,5.78002964106718,5.66536706970339,5.89469221243098
"brown","gpt2-large",800,0.594737276138684,5.77828880854714,5.66365385107648,5.8929237660178
"brown","gpt2-large",1023,0.594750908981684,5.77773018373652,5.66311437121837,5.89234599625467
"brown","gpt2-xl",1,0.897970534605977,10.977324328796,10.8074546995558,11.1471939580361
"brown","gpt2-xl",2,0.82804300689211,9.58518385989632,9.43711290811623,9.73325481167642
"brown","gpt2-xl",3,0.789745675899257,8.9146014352115,8.77055092692335,9.05865194349966
"brown","gpt2-xl",4,0.764718807259948,8.47662704088609,8.3353755176124,8.61787856415978
"brown","gpt2-xl",5,0.750112859889367,8.14967976676527,8.01116346037169,8.28819607315886
"brown","gpt2-xl",6,0.737992715486749,7.89894851426182,7.76206461833961,8.03583241018403
"brown","gpt2-xl",7,0.729772372758954,7.71485182226569,7.57890665724831,7.85079698728307
"brown","gpt2-xl",10,0.715327712563838,7.27144324204451,7.1378067545194,7.40507972956962
"brown","gpt2-xl",12,0.708828738183843,7.07549041033591,6.94326181672504,7.20771900394679
"brown","gpt2-xl",16,0.69246605266723,6.82122896136715,6.69124225870038,6.95121566403393
"brown","gpt2-xl",20,0.680554813490925,6.63704001348078,6.5087819913408,6.76529803562077
"brown","gpt2-xl",25,0.674445085014153,6.47606355949959,6.3492406594319,6.60288645956727
"brown","gpt2-xl",32,0.658590422487863,6.30225479714957,6.17780000246675,6.4267095918324
"brown","gpt2-xl",40,0.650174345684523,6.18521781078518,6.06160431102803,6.30883131054233
"brown","gpt2-xl",50,0.64216808097534,6.08379810636716,5.96162582839538,6.20597038433893
"brown","gpt2-xl",64,0.633163401134519,6.00344514916644,5.88241574735536,6.12447455097751
"brown","gpt2-xl",80,0.623665437340459,5.92341530225878,5.80392185481251,6.04290874970504
"brown","gpt2-xl",100,0.611364652790834,5.83344183273569,5.71571259152243,5.95117107394895
"brown","gpt2-xl",128,0.599711061715319,5.76479979714681,5.64853131625409,5.88106827803952
"brown","gpt2-xl",160,0.58849256929343,5.70939138473182,5.59416499185216,5.82461777761148
"brown","gpt2-xl",200,0.584816329500355,5.67162898226846,5.55702330607355,5.78623465846336
"brown","gpt2-xl",256,0.580295409429575,5.6472506775781,5.53292583660419,5.76157551855202
"brown","gpt2-xl",320,0.57939699144712,5.62929721074371,5.51514197120144,5.74345245028598
"brown","gpt2-xl",400,0.576070194925734,5.60964027227675,5.49597810156302,5.72330244299048
"brown","gpt2-xl",512,0.574176232894137,5.5920180456193,5.47871488681377,5.70532120442482
"brown","gpt2-xl",640,0.573890907656888,5.58465474596765,5.47145640608587,5.69785308584943
"brown","gpt2-xl",800,0.573913447712871,5.58076775510229,5.46760549567783,5.69393001452676
"brown","gpt2-xl",1023,0.57389687912824,5.58015752307299,5.46701279904893,5.69330224709705
"os","gpt2",1,0.902923605864586,12.3626143340579,12.2649653958832,12.4602632722325
"os","gpt2",2,0.768313947563144,9.88502597162104,9.79696292012064,9.97308902312144
"os","gpt2",3,0.739744795849619,9.18565981300246,9.10122056921194,9.27009905679299
"os","gpt2",4,0.723209731607383,8.77357677410166,8.69022164638906,8.85693190181425
"os","gpt2",5,0.712086803202403,8.50822962972968,8.42568669699542,8.59077256246393
"os","gpt2",6,0.704418151533341,8.28911322378132,8.20769375033629,8.37053269722634
"os","gpt2",7,0.697954196269702,8.13073262547284,8.04992502892203,8.21154022202365
"os","gpt2",10,0.686264562660668,7.79324880690912,7.71373785270451,7.87275976111373
"os","gpt2",12,0.681571588187485,7.63497489513118,7.55638723108726,7.71356255917509
"os","gpt2",16,0.674208031397639,7.38856260870556,7.3116644499791,7.46546076743202
"os","gpt2",20,0.669331665802118,7.21274174272533,7.1373080841111,7.28817540133956
"os","gpt2",25,0.664856289591654,7.03879015215231,6.9654623685846,7.11211793572002
"os","gpt2",32,0.660023257665825,6.85588331041443,6.7849250145291,6.92684160629976
"os","gpt2",40,0.653822829335248,6.7021671373861,6.63332494918659,6.7710093255856
"os","gpt2",50,0.64623988056642,6.56845693845285,6.50145329668217,6.63546058022353
"os","gpt2",64,0.640996120792733,6.44082974503511,6.37560963050409,6.50604985956612
"os","gpt2",80,0.631570512202928,6.3160119940121,6.25275675466583,6.37926723335838
"os","gpt2",100,0.626589350003088,6.2105627749072,6.1491306644351,6.27199488537931
"os","gpt2",128,0.61744132400042,6.09033040856855,6.03093977758356,6.14972103955353
"os","gpt2",160,0.607456195987476,6.00675917169495,5.94864121861057,6.06487712477934
"os","gpt2",200,0.599742262920644,5.93281250710299,5.87571367879749,5.98991133540848
"os","gpt2",256,0.591622889639646,5.86912856784457,5.81305563731472,5.92520149837442
"os","gpt2",320,0.587063363560616,5.8195339172866,5.76419842957041,5.87486940500278
"os","gpt2",400,0.583183844929446,5.78770068414996,5.7327102309378,5.84269113736212
"os","gpt2",512,0.576772741813799,5.75779084190784,5.70316890571727,5.81241277809841
"os","gpt2",640,0.574868230390359,5.74789268751314,5.69333938573324,5.80244598929304
"os","gpt2",800,0.573233353714871,5.74254691797703,5.68801787047165,5.79707596548241
"os","gpt2",1023,0.572543586758633,5.73913380088542,5.68464726307737,5.79362033869348
"os","gpt2-medium",1,0.809793824500467,11.7154343327876,11.6087636941258,11.8221049714494
"os","gpt2-medium",2,0.757138479658924,9.67709807544299,9.59089650856063,9.76329964232534
"os","gpt2-medium",3,0.726701652513105,8.9496857297007,8.86715571068394,9.03221574871746
"os","gpt2-medium",4,0.703864638180091,8.52688322772234,8.44559797891246,8.60816847653222
"os","gpt2-medium",5,0.691830198867513,8.22057468060715,8.14058037766508,8.30056898354922
"os","gpt2-medium",6,0.680948540407277,7.98885316953584,7.90983941164551,8.06786692742616
"os","gpt2-medium",7,0.674113590616163,7.80578404648874,7.72766316980584,7.88390492317164
"os","gpt2-medium",10,0.659240839307371,7.41666759927915,7.34013361904874,7.49320157950956
"os","gpt2-medium",12,0.652357862149934,7.22985533736562,7.15433652361011,7.30537415112113
"os","gpt2-medium",16,0.641657545018569,6.93033163808988,6.85702847505907,7.00363480112069
"os","gpt2-medium",20,0.634219807517196,6.72541901539496,6.65387621514001,6.79696181564991
"os","gpt2-medium",25,0.627205002619773,6.52391735871664,6.45474223647945,6.59309248095384
"os","gpt2-medium",32,0.619050231059876,6.30959765889856,6.24310644553316,6.37608887226396
"os","gpt2-medium",40,0.611943713687007,6.14181028463347,6.07777730421848,6.20584326504845
"os","gpt2-medium",50,0.602349201152578,5.99347952184219,5.93139352302797,6.05556552065641
"os","gpt2-medium",64,0.595274898157327,5.85664608050283,5.79648057719745,5.91681158380821
"os","gpt2-medium",80,0.584046881382076,5.7217530308425,5.66360888193825,5.77989717974675
"os","gpt2-medium",100,0.575096242883492,5.61252843541912,5.55613891722285,5.66891795361538
"os","gpt2-medium",128,0.564205877908984,5.49824878977686,5.44371597846365,5.55278160109007
"os","gpt2-medium",160,0.554480555526466,5.4181226873983,5.36480270282315,5.47144267197345
"os","gpt2-medium",200,0.546933537868073,5.35648035895,5.30396543792417,5.40899527997584
"os","gpt2-medium",256,0.540261295396271,5.29690080016629,5.24520245578168,5.34859914455089
"os","gpt2-medium",320,0.535873263216536,5.2507089765436,5.19964690661131,5.30177104647589
"os","gpt2-medium",400,0.532126269703048,5.22074329970751,5.16997730236838,5.27150929704665
"os","gpt2-medium",512,0.525660470205724,5.19198185705835,5.14159766717506,5.24236604694164
"os","gpt2-medium",640,0.523136500131026,5.17828889012506,5.12802673720165,5.22855104304848
"os","gpt2-medium",800,0.52107005216163,5.17095227601575,5.12075188860455,5.22115266342696
"os","gpt2-medium",1023,0.520120622669749,5.16764533211108,5.11749031169914,5.21780035252303
"os","gpt2-large",1,0.834351002914495,11.1121927395861,11.0175209192063,11.2068645599659
"os","gpt2-large",2,0.749282318879078,9.65457805471845,9.56699817849262,9.74215793094429
"os","gpt2-large",3,0.715508204374322,8.9378739569998,8.85273230317677,9.02301561082283
"os","gpt2-large",4,0.692457687355816,8.4918523440141,8.40835712211384,8.57534756591435
"os","gpt2-large",5,0.678947461086967,8.17878907917172,8.096507915062,8.26107024328143
"os","gpt2-large",6,0.666990538441976,7.92751431150934,7.84625291978347,8.00877570323521
"os","gpt2-large",7,0.658977899051822,7.73126162117507,7.65081306413487,7.81171017821526
"os","gpt2-large",10,0.642481961485631,7.31271501221028,7.23403186599933,7.39139815842123
"os","gpt2-large",12,0.635548880493169,7.11306255765697,7.03540701615696,7.19071809915698
"os","gpt2-large",16,0.622812919923789,6.80390808333703,6.72847124008313,6.87934492659092
"os","gpt2-large",20,0.614429635691768,6.58645937502288,6.5128765052182,6.66004224482756
"os","gpt2-large",25,0.607385754960815,6.37279129259259,6.30170645641214,6.44387612877305
"os","gpt2-large",32,0.598053724169765,6.14651826849066,6.07807957437075,6.21495696261058
"os","gpt2-large",40,0.590325657146157,5.96244694805094,5.8966389364944,6.02825495960748
"os","gpt2-large",50,0.579945831383135,5.80761844975299,5.74385205191976,5.87138484758623
"os","gpt2-large",64,0.57240291607327,5.66566702738183,5.60397126371747,5.72736279104618
"os","gpt2-large",80,0.560455974764689,5.52099737742332,5.46161730345651,5.58037745139014
"os","gpt2-large",100,0.552494615015669,5.40635024259118,5.34890861088683,5.46379187429552
"os","gpt2-large",128,0.540525400878589,5.28227550780705,5.22687980265567,5.33767121295844
"os","gpt2-large",160,0.53144221483373,5.19560312807595,5.14156011301126,5.24964614314065
"os","gpt2-large",200,0.522680161836298,5.12959784579631,5.07640100817125,5.18279468342137
"os","gpt2-large",256,0.515685217217799,5.06596820400386,5.01368443504448,5.11825197296325
"os","gpt2-large",320,0.510932594769204,5.01968589925641,4.96808424290752,5.07128755560531
"os","gpt2-large",400,0.507770124759395,4.98797062635314,4.93673131978935,5.03920993291694
"os","gpt2-large",512,0.501252194219613,4.96131397383503,4.91037565389515,5.0122522937749
"os","gpt2-large",640,0.499730642895327,4.95116320781502,4.90031743128359,5.00200898434644
"os","gpt2-large",800,0.498009104960021,4.94439182612888,4.89360215979913,4.99518149245863
"os","gpt2-large",1023,0.497170393181468,4.94093547669083,4.89018884237276,4.99168211100889
"os","gpt2-xl",1,0.831161189411995,11.0545484155118,10.960597490828,11.1484993401955
"os","gpt2-xl",2,0.740429563638427,9.62213983364572,9.53346057577018,9.71081909152126
"os","gpt2-xl",3,0.700236849833547,8.89436604068276,8.80805078962567,8.98068129173985
"os","gpt2-xl",4,0.674926405817255,8.44686691801626,8.3618502401921,8.53188359584042
"os","gpt2-xl",5,0.663816607789563,8.11416143875587,8.03051755497586,8.19780532253588
"os","gpt2-xl",6,0.65088864733902,7.86497738996646,7.78219801420831,7.9477567657246
"os","gpt2-xl",7,0.641956153778249,7.66930485583411,7.58709504454104,7.75151466712718
"os","gpt2-xl",10,0.623598059737422,7.23070841926295,7.15027314324195,7.31114369528396
"os","gpt2-xl",12,0.615172813499557,7.01608477528694,6.93676686902996,7.09540268154392
"os","gpt2-xl",16,0.601692428532869,6.70516759776356,6.62775461453831,6.78258058098881
"os","gpt2-xl",20,0.592207774103592,6.48684562869333,6.41107018423633,6.56262107315033
"os","gpt2-xl",25,0.583445239473531,6.26536365368096,6.1922467868343,6.33848052052763
"os","gpt2-xl",32,0.574108646049721,6.03773529507774,5.96731515936058,6.1081554307949
"os","gpt2-xl",40,0.564616133643824,5.85042389888008,5.78269974154921,5.91814805621094
"os","gpt2-xl",50,0.55399465875333,5.68780447833177,5.62220083079176,5.75340812587178
"os","gpt2-xl",64,0.544985421216299,5.5370452606603,5.47371757753215,5.60037294378845
"os","gpt2-xl",80,0.533739382557537,5.39432140429493,5.33318715154726,5.4554556570426
"os","gpt2-xl",100,0.525126055012484,5.27182705149427,5.21284809658786,5.33080600640068
"os","gpt2-xl",128,0.513712761858355,5.14469119073932,5.08806879032937,5.20131359114927
"os","gpt2-xl",160,0.503810116693174,5.05749518901026,5.00225130753387,5.11273907048665
"os","gpt2-xl",200,0.496309124234574,4.98750260325062,4.93327603179403,5.04172917470721
"os","gpt2-xl",256,0.489392395704642,4.92315487424178,4.86999326601705,4.97631648246651
"os","gpt2-xl",320,0.485654516794487,4.86998786936812,4.8177511039784,4.92222463475784
"os","gpt2-xl",400,0.483369727572133,4.83710025984821,4.78531620457285,4.88888431512357
"os","gpt2-xl",512,0.476661493615512,4.80774049278105,4.75639907298573,4.85908191257636
"os","gpt2-xl",640,0.475403298502317,4.79621373585799,4.74499849532239,4.84742897639359
"os","gpt2-xl",800,0.47383764501341,4.78953073594014,4.73836153962962,4.84069993225065
"os","gpt2-xl",1023,0.473039031070954,4.78670664389813,4.7355743185968,4.83783896919945
"provo","gpt2",1,0.915763970933544,11.1462662717705,10.8940892340078,11.3984433095332
"provo","gpt2",2,0.78454404697995,8.77143137635337,8.56024109917204,8.9826216535347
"provo","gpt2",3,0.738824827577132,8.14179488720583,7.93840396335965,8.34518581105201
"provo","gpt2",4,0.712779111133417,7.72336082020036,7.52425805218797,7.92246358821276
"provo","gpt2",5,0.702182352399587,7.46428627476867,7.26760050243369,7.66097204710365
"provo","gpt2",6,0.693436764684103,7.24978470394171,7.05605567662623,7.4435137312572
"provo","gpt2",7,0.687358699376994,7.08845914219672,6.89658482139533,7.28033346299812
"provo","gpt2",10,0.672770584656661,6.75067118001821,6.56350637156193,6.9378359884745
"provo","gpt2",12,0.66607319874861,6.6236279967541,6.43803534385912,6.80922064964907
"provo","gpt2",16,0.661997025318459,6.43331235261931,6.25012928137536,6.61649542386326
"provo","gpt2",20,0.658401760295914,6.3209208594827,6.1386356811545,6.50320603781089
"provo","gpt2",25,0.655231209258027,6.23469167154098,6.05386676086713,6.41551658221483
"provo","gpt2",32,0.649212753057932,6.15188929467395,5.97245625949125,6.33132232985665
"provo","gpt2",40,0.646079752825729,6.11591039611657,5.93641045463835,6.2954103375948
"provo","gpt2",50,0.64346292388067,6.09067556613479,5.91179148261822,6.26955964965136
"provo","gpt2",64,0.643449061658152,6.0851114727541,5.90618422070882,6.26403872479938
"provo","gpt2",80,0.643593485748211,6.08671468326047,5.9078250133473,6.26560435317364
"provo","gpt2",100,0.643275645599306,6.08565772452823,5.9067386736958,6.26457677536067
"provo","gpt2",128,0.643365029907616,6.08489227540255,5.906014669818,6.26376988098711
"provo","gpt2",160,0.643073893676882,6.08564639895446,5.90668981975094,6.26460297815799
"provo","gpt2",200,0.643338567257103,6.08505877782878,5.90615355709176,6.2639639985658
"provo","gpt2",256,0.643365030867286,6.08489227685974,5.90601467121957,6.26376988249992
"provo","gpt2",320,0.643365030867286,6.08489227685974,5.90601467121957,6.26376988249992
"provo","gpt2",400,0.643593485884767,6.08671468363206,5.90782501371576,6.26560435354835
"provo","gpt2",512,0.643365030857014,6.08489226971949,5.90601466379701,6.26376987564197
"provo","gpt2",640,0.643365030857014,6.08489226971949,5.90601466379701,6.26376987564197
"provo","gpt2",800,0.643073894242717,6.08564640084517,5.90668982165646,6.26460298003389
"provo","gpt2",1023,0.643254546584019,6.08536749167213,5.90647232509371,6.26426265825055
"provo","gpt2-medium",1,0.832749426776595,10.3253545960765,10.0543717410701,10.5963374510829
"provo","gpt2-medium",2,0.763090617564516,8.6022147998725,8.39408084251151,8.81034875723349
"provo","gpt2-medium",3,0.72080200083583,7.93734232332605,7.73659778151745,8.13808686513464
"provo","gpt2-medium",4,0.69552790089817,7.49437942207286,7.29897081814944,7.68978802599628
"provo","gpt2-medium",5,0.681767831436524,7.18229594245537,6.99037938762409,7.37421249728666
"provo","gpt2-medium",6,0.668162237979917,6.97684326223315,6.78744741184362,7.16623911262268
"provo","gpt2-medium",7,0.658510760821511,6.76474821785792,6.57768104210053,6.95181539361532
"provo","gpt2-medium",10,0.630722222548802,6.35484230160291,6.17274554438615,6.53693905881968
"provo","gpt2-medium",12,0.621562054908174,6.20913749564663,6.0286770375756,6.38959795371766
"provo","gpt2-medium",16,0.60956582003706,5.98960624118033,5.81320998846933,6.16600249389133
"provo","gpt2-medium",20,0.604857548839157,5.85716393720583,5.68202915182615,6.03229872258551
"provo","gpt2-medium",25,0.602241716102993,5.7641025063133,5.59076439766153,5.93744061496507
"provo","gpt2-medium",32,0.591862591665757,5.6720407468816,5.50022049366523,5.84386100009797
"provo","gpt2-medium",40,0.587170676304789,5.61990483321676,5.44814146833132,5.79166819810219
"provo","gpt2-medium",50,0.583253678623003,5.59344864319126,5.42199257323765,5.76490471314487
"provo","gpt2-medium",64,0.582678818403576,5.58579874671403,5.41444100392638,5.75715648950167
"provo","gpt2-medium",80,0.582485812024765,5.58316213497632,5.41195273096827,5.75437153898437
"provo","gpt2-medium",100,0.582782369972195,5.58389286782878,5.41269325593643,5.75509247972113
"provo","gpt2-medium",128,0.582454188991502,5.58239198519854,5.41122890602893,5.75355506436816
"provo","gpt2-medium",160,0.582384557767044,5.5814050056867,5.41024285073637,5.75256716063703
"provo","gpt2-medium",200,0.582488598903244,5.58303794050638,5.41178052928854,5.75429535172422
"provo","gpt2-medium",256,0.582454187049047,5.58239197976685,5.41122890044237,5.75355505909133
"provo","gpt2-medium",320,0.582454187049047,5.58239197976685,5.41122890044237,5.75355505909133
"provo","gpt2-medium",400,0.582485814359652,5.58316215819308,5.41195275519803,5.75437156118812
"provo","gpt2-medium",512,0.582454189029331,5.58239198493261,5.41122890574666,5.75355506411855
"provo","gpt2-medium",640,0.582454189029331,5.58239198493261,5.41122890574666,5.75355506411855
"provo","gpt2-medium",800,0.582384558033396,5.58140500598907,5.41024285105103,5.75256716092711
"provo","gpt2-medium",1023,0.582392339887125,5.58266953330055,5.41146275534388,5.75387631125722
"provo","gpt2-large",1,0.845319237861976,9.8927505813224,9.65243131523526,10.1330698474096
"provo","gpt2-large",2,0.765982893603233,8.52726345701275,8.31883195290922,8.73569496111628
"provo","gpt2-large",3,0.719276825665358,7.8425071427286,7.64153106201941,8.04348322343779
"provo","gpt2-large",4,0.693511521709248,7.38108279687067,7.18562142070399,7.57654417303736
"provo","gpt2-large",5,0.679638694959445,7.05430131940619,6.86239175016048,7.2462108886519
"provo","gpt2-large",6,0.664256481331385,6.81937627143534,6.63056923378564,7.00818330908504
"provo","gpt2-large",7,0.655250834055866,6.60610154637523,6.42035743598225,6.7918456567682
"provo","gpt2-large",10,0.630537724640573,6.19464076221494,6.0133299255444,6.37595159888547
"provo","gpt2-large",12,0.617491295630534,6.03222530702368,5.85288112408324,6.21156948996412
"provo","gpt2-large",16,0.60801322835394,5.79547285472131,5.61997075412868,5.97097495531394
"provo","gpt2-large",20,0.601011055441527,5.64814540333333,5.47459020384603,5.82170060282064
"provo","gpt2-large",25,0.595109474009042,5.54145667103825,5.36961521301477,5.71329812906173
"provo","gpt2-large",32,0.586473546057636,5.45700984338069,5.2864961425824,5.62752354417898
"provo","gpt2-large",40,0.581871363750407,5.40175844457923,5.23083402151547,5.572682867643
"provo","gpt2-large",50,0.578199576713057,5.37358131650273,5.20272414214994,5.54443849085552
"provo","gpt2-large",64,0.576732277470222,5.36757822871767,5.19684823579445,5.53830822164088
"provo","gpt2-large",80,0.576129154426001,5.36467250643716,5.19424475509596,5.53510025777836
"provo","gpt2-large",100,0.576157414451627,5.36479084161384,5.19437836866708,5.53520331456061
"provo","gpt2-large",128,0.5761533850223,5.36472724057559,5.19430305807504,5.53515142307615
"provo","gpt2-large",160,0.576117144432348,5.36480083428415,5.1943772336013,5.535224434967
"provo","gpt2-large",200,0.576117599562189,5.36473289204372,5.19431318832818,5.53515259575926
"provo","gpt2-large",256,0.576153386030764,5.36472723334791,5.19430305046999,5.53515141622582
"provo","gpt2-large",320,0.576153386030764,5.36472723334791,5.19430305046999,5.53515141622582
"provo","gpt2-large",400,0.576162082170702,5.36463868492168,5.19421461507343,5.53506275476993
"provo","gpt2-large",512,0.576153384278577,5.36472723738069,5.19430305480904,5.53515141995234
"provo","gpt2-large",640,0.576153384278577,5.36472723738069,5.19430305480904,5.53515141995234
"provo","gpt2-large",800,0.576109290875091,5.36475203446995,5.19433237529292,5.53517169364697
"provo","gpt2-large",1023,0.576151073037366,5.36473296066302,5.19431565368328,5.53515026764276
"provo","gpt2-xl",1,0.845334542339988,9.84226608439709,9.6054599712811,10.0790721975131
"provo","gpt2-xl",2,0.758099413478411,8.44259319342441,8.23648189213515,8.64870449471367
"provo","gpt2-xl",3,0.712298246582112,7.74342866133333,7.54401648892242,7.94284083374425
"provo","gpt2-xl",4,0.684912040329353,7.26667340851002,7.07323619636766,7.46011062065238
"provo","gpt2-xl",5,0.668235465989259,6.93992355009836,6.75002003591395,7.12982706428277
"provo","gpt2-xl",6,0.655731498197575,6.70355081006557,6.5167014370154,6.89040018311575
"provo","gpt2-xl",7,0.644646352596475,6.47307716618944,6.2887477144088,6.65740661797007
"provo","gpt2-xl",10,0.61465375376238,6.02362333865574,5.8454590590937,6.20178761821778
"provo","gpt2-xl",12,0.598835046568447,5.87172010427322,5.69500007284926,6.04844013569719
"provo","gpt2-xl",16,0.588592565123598,5.62971893454645,5.45747790393612,5.80195996515677
"provo","gpt2-xl",20,0.582814251682688,5.48677349897268,5.31588910365037,5.65765789429498
"provo","gpt2-xl",25,0.575912508424361,5.36084483890346,5.19239272757971,5.52929695022721
"provo","gpt2-xl",32,0.563973349174978,5.26918944146448,5.10228594539113,5.43609293753784
"provo","gpt2-xl",40,0.559578519170213,5.2099476763133,5.043491620289,5.37640373233759
"provo","gpt2-xl",50,0.556291252244008,5.18055315100911,5.01424930001461,5.34685700200361
"provo","gpt2-xl",64,0.553928570981907,5.17072506290346,5.00451973031073,5.33693039549619
"provo","gpt2-xl",80,0.553304984100771,5.16775243369763,5.00176660596742,5.33373826142785
"provo","gpt2-xl",100,0.553284246229756,5.16787739137341,5.00189369659582,5.333861086151
"provo","gpt2-xl",128,0.553258423902449,5.16786267753734,5.00188471278241,5.33384064229227
"provo","gpt2-xl",160,0.553242476083855,5.16773958760291,5.00176232013112,5.33371685507471
"provo","gpt2-xl",200,0.55322857889492,5.16785264146812,5.00187291541623,5.33383236752001
"provo","gpt2-xl",256,0.553258002065366,5.16785855698725,5.0018806524263,5.3338364615482
"provo","gpt2-xl",320,0.553258002065366,5.16785855698725,5.0018806524263,5.3338364615482
"provo","gpt2-xl",400,0.553302958640157,5.16773245378871,5.00175159291808,5.33371331465933
"provo","gpt2-xl",512,0.553258464594207,5.16786274115847,5.00188477845441,5.33384070386252
"provo","gpt2-xl",640,0.553258464594207,5.16786274115847,5.00188477845441,5.33384070386252
"provo","gpt2-xl",800,0.553231074670709,5.16764477783971,5.00166519401411,5.33362436166531
"provo","gpt2-xl",1023,0.553344977253267,5.1678310584153,5.00184877629483,5.33381334053577
