story	zone	word	num_tokens
0	0	There	1
0	1	are	1
0	2	now	1
0	3	rumblings	3
0	4	that	1
0	5	Apple	1
0	6	might	1
0	7	soon	1
0	8	invade	1
0	9	the	1
0	10	smart	1
0	11	watch	1
0	12	space,	2
0	13	though	1
0	14	the	1
0	15	company	1
0	16	is	1
0	17	maintaining	1
0	18	its	1
0	19	customary	1
0	20	silence.	2
0	21	The	1
0	22	watch	1
0	23	doesn't	2
0	24	have	1
0	25	a	1
0	26	microphone	1
0	27	or	1
0	28	speaker,	2
0	29	but	1
0	30	you	1
0	31	can	1
0	32	use	1
0	33	it	1
0	34	to	1
0	35	control	1
0	36	the	1
0	37	music	1
0	38	on	1
0	39	your	1
0	40	phone.	2
0	41	You	1
0	42	can	1
0	43	glance	1
0	44	at	1
0	45	the	1
0	46	watch	1
0	47	face	1
0	48	to	1
0	49	view	1
0	50	the	1
0	51	artist	1
0	52	and	1
0	53	title	1
0	54	of	1
0	55	a	1
0	56	song.	2
1	0	Two	1
1	1	days	1
1	2	later,	2
1	3	the	1
1	4	British	1
1	5	astronomer	1
1	6	Richard	1
1	7	Carrington	2
1	8	was	1
1	9	observing	1
1	10	the	1
1	11	interesting	1
1	12	sunspot	2
1	13	group	1
1	14	through	1
1	15	his	1
1	16	telescope	1
1	17	when	1
1	18	he	1
1	19	saw	1
1	20	what	1
1	21	he	1
1	22	described	1
1	23	as	1
1	24	"two	2
1	25	patches	1
1	26	of	1
1	27	intensely	1
1	28	bright	1
1	29	and	1
1	30	white	1
1	31	light"	2
1	32	over	1
1	33	the	1
1	34	sunspots.	4
1	35	He	1
1	36	jotted	2
1	37	a	1
1	38	note	1
1	39	in	1
1	40	his	1
1	41	painstaking	1
1	42	record.	2
1	43	That	1
1	44	night	1
1	45	there	1
1	46	was	1
1	47	scarcely	1
1	48	a	1
1	49	square	1
1	50	inch	1
1	51	of	1
1	52	earth	1
1	53	that	1
1	54	was	1
1	55	not	1
1	56	illuminated	1
1	57	by	1
1	58	aurora.	3
2	0	I	1
2	1	agree	1
2	2	that	1
2	3	California's	2
2	4	"three	2
2	5	strikes	1
2	6	and	1
2	7	you're	2
2	8	out"	2
2	9	law	1
2	10	will	1
2	11	be	1
2	12	a	1
2	13	financial	1
2	14	disaster	1
2	15	for	1
2	16	taxpayers	1
2	17	who	1
2	18	care	1
2	19	about	1
2	20	education	1
2	21	and	1
2	22	other	1
2	23	vital	1
2	24	services.	2
2	25	But	1
2	26	it's	2
2	27	far	1
2	28	from	1
2	29	clear	1
2	30	that	1
2	31	the	1
2	32	law	1
2	33	can	1
2	34	even	1
2	35	be	1
2	36	credited	1
2	37	with	1
2	38	a	1
2	39	reduction	1
2	40	in	1
2	41	crime	1
2	42	in	1
2	43	California.	2
2	44	While	1
2	45	it's	2
2	46	true	1
2	47	that	1
2	48	crime	1
2	49	declined	1
2	50	in	1
2	51	California	1
2	52	last	1
2	53	year,	2
2	54	crime	1
2	55	also	1
2	56	dropped	1
2	57	nationwide.	2
3	0	Liza	2
3	1	was	1
3	2	in	1
3	3	a	1
3	4	bad	1
3	5	temper,	2
3	6	for	1
3	7	she	1
3	8	was	1
3	9	mixing	1
3	10	the	1
3	11	Christmas	1
3	12	puddings	3
3	13	in	1
3	14	the	1
3	15	kitchen,	2
3	16	and	1
3	17	had	1
3	18	been	1
3	19	drawn	1
3	20	from	1
3	21	them,	2
3	22	with	1
3	23	a	1
3	24	raisin	2
3	25	still	1
3	26	on	1
3	27	her	1
3	28	cheek,	2
3	29	by	1
3	30	Nana's	3
3	31	absurd	1
3	32	suspicions.	2
3	33	She	1
3	34	thought	1
3	35	the	1
3	36	best	1
3	37	way	1
3	38	of	1
3	39	getting	1
3	40	a	1
3	41	little	1
3	42	quiet	1
3	43	was	1
3	44	to	1
3	45	take	1
3	46	Nana	2
3	47	to	1
3	48	the	1
3	49	nursery	1
3	50	for	1
3	51	a	1
3	52	moment,	2
3	53	but	1
3	54	in	1
3	55	custody	1
3	56	of	1
3	57	course.	2
4	0	Mrs.	2
4	1	Darling	1
4	2	quivered	2
4	3	and	1
4	4	went	1
4	5	to	1
4	6	the	1
4	7	window.	2
4	8	It	1
4	9	was	1
4	10	securely	1
4	11	fastened.	3
4	12	She	1
4	13	looked	1
4	14	out,	2
4	15	and	1
4	16	the	1
4	17	night	1
4	18	was	1
4	19	peppered	2
4	20	with	1
4	21	stars.	2
4	22	They	1
4	23	were	1
4	24	crowding	2
4	25	round	1
4	26	the	1
4	27	house,	2
4	28	as	1
4	29	if	1
4	30	curious	1
4	31	to	1
4	32	see	1
4	33	what	1
4	34	was	1
4	35	to	1
4	36	take	1
4	37	place	1
4	38	there,	2
4	39	but	1
4	40	she	1
4	41	did	1
4	42	not	1
4	43	notice	1
4	44	this,	2
4	45	nor	1
4	46	that	1
4	47	one	1
4	48	or	1
4	49	two	1
4	50	of	1
4	51	the	1
4	52	smaller	1
4	53	ones	1
4	54	winked	2
4	55	at	1
4	56	her.	2
5	0	Seeing	1
5	1	Peter	1
5	2	slowly	1
5	3	advancing	1
5	4	upon	1
5	5	him	1
5	6	through	1
5	7	the	1
5	8	air	1
5	9	with	1
5	10	dagger	1
5	11	poised,	2
5	12	he	1
5	13	sprang	1
5	14	upon	1
5	15	the	1
5	16	bulwarks	3
5	17	to	1
5	18	cast	1
5	19	himself	1
5	20	into	1
5	21	the	1
5	22	sea.	2
5	23	He	1
5	24	did	1
5	25	not	1
5	26	know	1
5	27	that	1
5	28	the	1
5	29	crocodile	2
5	30	was	1
5	31	waiting	1
5	32	for	1
5	33	him;	2
5	34	for	1
5	35	we	1
5	36	purposely	1
5	37	stopped	1
5	38	the	1
5	39	clock	1
5	40	that	1
5	41	this	1
5	42	knowledge	1
5	43	might	1
5	44	be	1
5	45	spared	1
5	46	him:	2
5	47	a	1
5	48	little	1
5	49	mark	1
5	50	of	1
5	51	respect	1
5	52	from	1
5	53	us	1
5	54	at	1
5	55	the	1
5	56	end.	2
6	0	Dorothy	3
6	1	didn't	2
6	2	know.	2
6	3	She	1
6	4	looked	1
6	5	around	1
6	6	her	1
6	7	anxiously	2
6	8	for	1
6	9	some	1
6	10	familiar	1
6	11	landmark;	2
6	12	but	1
6	13	everything	1
6	14	was	1
6	15	strange.	2
6	16	Between	1
6	17	the	1
6	18	branches	1
6	19	of	1
6	20	the	1
6	21	many	1
6	22	roads	1
6	23	were	1
6	24	green	1
6	25	meadows	2
6	26	and	1
6	27	a	1
6	28	few	1
6	29	shrubs	2
6	30	and	1
6	31	trees,	2
6	32	but	1
6	33	she	1
6	34	couldn't	2
6	35	see	1
6	36	the	1
6	37	farm-house	3
6	38	from	1
6	39	which	1
6	40	she	1
6	41	had	1
6	42	just	1
6	43	come,	2
6	44	or	1
6	45	anything	1
6	46	she	1
6	47	had	1
6	48	ever	1
6	49	seen	1
6	50	before,	2
6	51	except	1
6	52	the	1
6	53	shaggy	3
6	54	man	1
6	55	and	1
6	56	Toto.	3
7	0	The	1
7	1	human	1
7	2	body	1
7	3	can	1
7	4	tolerate	1
7	5	only	1
7	6	a	1
7	7	small	1
7	8	range	1
7	9	of	1
7	10	temperature,	2
7	11	especially	1
7	12	when	1
7	13	the	1
7	14	person	1
7	15	is	1
7	16	engaged	1
7	17	in	1
7	18	vigorous	1
7	19	activity.	2
7	20	Heat	1
7	21	reactions	1
7	22	usually	1
7	23	occur	1
7	24	when	1
7	25	large	1
7	26	amounts	1
7	27	of	1
7	28	water	1
7	29	and/or	3
7	30	salt	1
7	31	are	1
7	32	lost	1
7	33	through	1
7	34	excessive	1
7	35	sweating	1
7	36	following	1
7	37	strenuous	2
7	38	exercise.	2
7	39	When	1
7	40	the	1
7	41	body	1
7	42	becomes	1
7	43	overheated	2
7	44	and	1
7	45	cannot	1
7	46	eliminate	1
7	47	this	1
7	48	excess	1
7	49	heat,	2
7	50	heat	1
7	51	exhaustion	1
7	52	and	1
7	53	heat	1
7	54	stroke	1
7	55	are	1
7	56	possible.	2
8	0	It	1
8	1	was	1
8	2	a	1
8	3	forbidding	2
8	4	challenge,	2
8	5	and	1
8	6	it	1
8	7	says	1
8	8	much	1
8	9	for	1
8	10	Winstanley's	4
8	11	persuasive	1
8	12	abilities,	2
8	13	not	1
8	14	to	1
8	15	mention	1
8	16	his	1
8	17	self-confidence,	4
8	18	that	1
8	19	the	1
8	20	admiralty	3
8	21	agreed	1
8	22	to	1
8	23	fund	1
8	24	him.	2
8	25	No	1
8	26	lighthouse	1
8	27	had	1
8	28	ever	1
8	29	been	1
8	30	built	1
8	31	out	1
8	32	to	1
8	33	sea	1
8	34	on	1
8	35	an	1
8	36	isolated	1
8	37	rock	1
8	38	before.	2
8	39	The	1
8	40	Eddystone	3
8	41	is	1
8	42	hard	1
8	43	enough	1
8	44	to	1
8	45	avoid,	2
8	46	but	1
8	47	landing	1
8	48	on	1
8	49	it	1
8	50	is	1
8	51	a	1
8	52	separate	1
8	53	challenge	1
8	54	entirely.	2
9	0	A	1
9	1	clergyman	2
9	2	remarked	1
9	3	to	1
9	4	him,	2
9	5	"The	2
9	6	Lord	1
9	7	is	1
9	8	on	1
9	9	our	1
9	10	side."	2
9	11	I	1
9	12	am	1
9	13	not	1
9	14	at	1
9	15	all	1
9	16	concerned	1
9	17	about	1
9	18	that,	2
9	19	replied	1
9	20	Mr.	2
9	21	Lincoln;	2
9	22	"for	2
9	23	I	1
9	24	know	1
9	25	that	1
9	26	the	1
9	27	Lord	1
9	28	is	1
9	29	always	1
9	30	on	1
9	31	the	1
9	32	side	1
9	33	of	1
9	34	the	1
9	35	right.	2
9	36	But	1
9	37	it	1
9	38	is	1
9	39	my	1
9	40	constant	1
9	41	anxiety	1
9	42	and	1
9	43	prayer	1
9	44	that	1
9	45	I	1
9	46	and	1
9	47	this	1
9	48	nation	1
9	49	should	1
9	50	be	1
9	51	on	1
9	52	the	1
9	53	Lord's	2
9	54	side."	2
10	0	Known	1
10	1	as	1
10	2	Rapa	2
10	3	Nui	2
10	4	to	1
10	5	the	1
10	6	island's	2
10	7	inhabitants,	2
10	8	Rongorongo	4
10	9	is	1
10	10	a	1
10	11	writing	1
10	12	system	1
10	13	comprised	1
10	14	of	1
10	15	pictographs.	3
10	16	It	1
10	17	has	1
10	18	been	1
10	19	found	1
10	20	carved	1
10	21	into	1
10	22	many	1
10	23	oblong	2
10	24	wooden	1
10	25	tablets	1
10	26	and	1
10	27	other	1
10	28	artifacts	1
10	29	from	1
10	30	the	1
10	31	island's	2
10	32	history.	2
10	33	The	1
10	34	art	1
10	35	of	1
10	36	writing	1
10	37	was	1
10	38	not	1
10	39	known	1
10	40	in	1
10	41	any	1
10	42	nearby	1
10	43	islands	1
10	44	and	1
10	45	the	1
10	46	script's	2
10	47	mere	1
10	48	existence	1
10	49	is	1
10	50	sufficient	1
10	51	to	1
10	52	confound	2
10	53	anthropologists.	3
11	0	Some	1
11	1	months	1
11	2	later,	2
11	3	Michael	1
11	4	Larson	1
11	5	saw	1
11	6	another	1
11	7	opportunity	1
11	8	to	1
11	9	stack	1
11	10	the	1
11	11	odds	1
11	12	in	1
11	13	his	1
11	14	favor	1
11	15	with	1
11	16	a	1
11	17	dash	1
11	18	of	1
11	19	ingenuity.	2
11	20	He	1
11	21	walked	1
11	22	into	1
11	23	his	1
11	24	bank	1
11	25	one	1
11	26	day	1
11	27	and	1
11	28	asked	1
11	29	to	1
11	30	withdraw	1
11	31	his	1
11	32	entire	1
11	33	account	1
11	34	balance,	2
11	35	but	1
11	36	with	1
11	37	an	1
11	38	unusual	1
11	39	stipulation:	3
11	40	He	1
11	41	wanted	1
11	42	as	1
11	43	much	1
11	44	of	1
11	45	the	1
11	46	cash	1
11	47	as	1
11	48	possible	1
11	49	in	1
11	50	one	1
11	51	dollar	1
11	52	notes.	2
12	0	Bob	1
12	1	Murphy,	2
12	2	the	1
12	3	Senior	1
12	4	PGA	2
12	5	Tour	1
12	6	money	1
12	7	leader	1
12	8	with	1
12	9	seven	1
12	10	hundred	1
12	11	thousand,	2
12	12	says	1
12	13	heat	1
12	14	shouldn't	2
12	15	be	1
12	16	a	1
12	17	factor.	2
12	18	"I	2
12	19	don't	2
12	20	think	1
12	21	you're	2
12	22	going	1
12	23	to	1
12	24	have	1
12	25	a	1
12	26	heat	1
12	27	wave	1
12	28	I'm	2
12	29	not	1
12	30	going	1
12	31	to	1
12	32	be	1
12	33	able	1
12	34	to	1
12	35	handle,"	2
12	36	he	1
12	37	said.	2
12	38	"Everybody	2
12	39	treats	1
12	40	it	1
12	41	differently.	2
12	42	My	1
12	43	son	1
12	44	Ronnie,	2
12	45	his	1
12	46	caddie,	4
12	47	and	1
12	48	I	1
12	49	won't	2
12	50	be	1
12	51	riding	1
12	52	carts.	2
13	0	With	1
13	1	schools	1
13	2	still	1
13	3	closed,	2
13	4	cars	1
13	5	still	1
13	6	buried	1
13	7	and	1
13	8	streets	1
13	9	still	1
13	10	blocked	1
13	11	by	1
13	12	the	1
13	13	widespread	1
13	14	weekend	1
13	15	snowstorm,	3
13	16	officials	1
13	17	are	1
13	18	asking	1
13	19	people	1
13	20	to	1
13	21	pick	1
13	22	up	1
13	23	a	1
13	24	shovel	1
13	25	and	1
13	26	help	1
13	27	out.	2
13	28	In	1
13	29	Boston,	2
13	30	a	1
13	31	"snow	3
13	32	angel"	2
13	33	campaign	1
13	34	is	1
13	35	using	1
13	36	social	1
13	37	media	1
13	38	to	1
13	39	encourage	1
13	40	neighbors	1
13	41	and	1
13	42	friends	1
13	43	to	1
13	44	be	1
13	45	an	1
13	46	angel	1
13	47	and	1
13	48	help	1
13	49	dig	1
13	50	out	1
13	51	the	1
13	52	stranded.	2
14	0	Greg	1
14	1	Anderson,	2
14	2	considered	1
14	3	a	1
14	4	key	1
14	5	witness	1
14	6	by	1
14	7	the	1
14	8	prosecution,	2
14	9	vowed	1
14	10	he	1
14	11	wouldn't	2
14	12	testify	1
14	13	when	1
14	14	served	1
14	15	a	1
14	16	subpoena	1
14	17	last	1
14	18	week.	2
14	19	His	1
14	20	lawyers	1
14	21	said	1
14	22	he	1
14	23	was	1
14	24	prepared	1
14	25	for	1
14	26	a	1
14	27	third	1
14	28	prison	1
14	29	stay	1
14	30	to	1
14	31	maintain	1
14	32	his	1
14	33	silence.	2
14	34	Anderson	1
14	35	was	1
14	36	released	1
14	37	July	1
14	38	20	1
14	39	after	1
14	40	a	1
14	41	two-week	3
14	42	stay	1
14	43	for	1
14	44	previously	1
14	45	declining	1
14	46	to	1
14	47	testify	1
14	48	before	1
14	49	a	1
14	50	different	1
14	51	grand	1
14	52	jury.	2
15	0	Steam	1
15	1	sterilization	2
15	2	is	1
15	3	limited	1
15	4	in	1
15	5	the	1
15	6	types	1
15	7	of	1
15	8	medical	1
15	9	waste	1
15	10	it	1
15	11	can	1
15	12	treat,	2
15	13	but	1
15	14	is	1
15	15	appropriate	1
15	16	for	1
15	17	laboratory	1
15	18	cultures	1
15	19	and	1
15	20	substances	1
15	21	contaminated	1
15	22	with	1
15	23	infectious	1
15	24	organisms.	2
15	25	The	1
15	26	waste	1
15	27	is	1
15	28	subjected	1
15	29	to	1
15	30	steam	1
15	31	in	1
15	32	a	1
15	33	sealed,	2
15	34	pressurized	2
15	35	chamber.	2
15	36	The	1
15	37	liquid	1
15	38	that	1
15	39	may	1
15	40	form	1
15	41	is	1
15	42	drained	1
15	43	off	1
15	44	to	1
15	45	the	1
15	46	sewer	1
15	47	or	1
15	48	sent	1
15	49	for	1
15	50	processing.	2
16	0	Owls	3
16	1	are	1
16	2	more	1
16	3	flexible	1
16	4	than	1
16	5	humans	1
16	6	because	1
16	7	a	1
16	8	bird's	2
16	9	head	1
16	10	is	1
16	11	only	1
16	12	connected	1
16	13	by	1
16	14	one	1
16	15	socket	1
16	16	pivot.	2
16	17	People	1
16	18	have	1
16	19	two,	2
16	20	which	1
16	21	limits	1
16	22	our	1
16	23	ability	1
16	24	to	1
16	25	twist,	2
16	26	Forsman	2
16	27	added.	2
16	28	Owls	2
16	29	also	1
16	30	have	1
16	31	multiple	1
16	32	vertebrae,	4
16	33	the	1
16	34	small	1
16	35	bones	1
16	36	that	1
16	37	make	1
16	38	up	1
16	39	the	1
16	40	neck	1
16	41	and	1
16	42	spine,	2
16	43	helping	1
16	44	them	1
16	45	achieve	1
16	46	a	1
16	47	wide	1
16	48	range	1
16	49	of	1
16	50	motion.	2
17	0	Even	1
17	1	in	1
17	2	the	1
17	3	same	1
17	4	animal,	2
17	5	not	1
17	6	all	1
17	7	bites	1
17	8	are	1
17	9	the	1
17	10	same.	2
17	11	A	1
17	12	new	1
17	13	study	1
17	14	finds	1
17	15	that	1
17	16	because	1
17	17	the	1
17	18	force	1
17	19	in	1
17	20	a	1
17	21	muscle	1
17	22	depends	1
17	23	on	1
17	24	how	1
17	25	much	1
17	26	it	1
17	27	is	1
17	28	stretched,	2
17	29	an	1
17	30	animal's	2
17	31	bite	1
17	32	force	1
17	33	depends	1
17	34	on	1
17	35	the	1
17	36	size	1
17	37	of	1
17	38	what	1
17	39	it	1
17	40	is	1
17	41	biting.	2
17	42	The	1
17	43	finding	1
17	44	has	1
17	45	direct	1
17	46	implications	1
17	47	for	1
17	48	ecology	1
17	49	and	1
17	50	evolution.	2
18	0	Interestingly,	2
18	1	the	1
18	2	heaviest	1
18	3	isotopes	2
18	4	physicists	1
18	5	have	1
18	6	managed	1
18	7	to	1
18	8	synthesize	2
18	9	so	1
18	10	far	1
18	11	don't	2
18	12	behave	1
18	13	quite	1
18	14	like	1
18	15	science's	2
18	16	best	1
18	17	current	1
18	18	models	1
18	19	predict,	2
18	20	so	1
18	21	stable	1
18	22	superheavy	2
18	23	nuclei	2
18	24	are	1
18	25	likely	1
18	26	to	1
18	27	be	1
18	28	full	1
18	29	of	1
18	30	surprises.	2
18	31	Chemists	2
18	32	cannot	1
18	33	even	1
18	34	predict	1
18	35	with	1
18	36	any	1
18	37	certainty	1
18	38	whether	1
18	39	these	1
18	40	materials	1
18	41	will	1
18	42	exist	1
18	43	as	1
18	44	gases,	2
18	45	liquids,	2
18	46	or	1
18	47	solids	2
18	48	at	1
18	49	room	1
18	50	temperature.	2
19	0	Buck	2
19	1	did	1
19	2	not	1
19	3	like	1
19	4	it,	2
19	5	but	1
19	6	he	1
19	7	bore	1
19	8	up	1
19	9	well	1
19	10	to	1
19	11	the	1
19	12	work,	2
19	13	taking	1
19	14	pride	1
19	15	in	1
19	16	it.	2
19	17	It	1
19	18	was	1
19	19	a	1
19	20	monotonous	3
19	21	life,	2
19	22	operating	1
19	23	with	1
19	24	machine-like	3
19	25	regularity.	3
19	26	One	1
19	27	day	1
19	28	was	1
19	29	very	1
19	30	like	1
19	31	another.	2
19	32	At	1
19	33	a	1
19	34	certain	1
19	35	time	1
19	36	each	1
19	37	morning	1
19	38	the	1
19	39	cooks	1
19	40	turned	1
19	41	out,	2
19	42	fires	1
19	43	were	1
19	44	built,	2
19	45	and	1
19	46	breakfast	1
19	47	was	1
19	48	eaten.	2
20	0	These	1
20	1	days,	2
20	2	neuroscience	1
20	3	is	1
20	4	beginning	1
20	5	to	1
20	6	catch	1
20	7	up	1
20	8	to	1
20	9	musicians	1
20	10	who	1
20	11	practice	1
20	12	mentally.	2
20	13	Although	1
20	14	the	1
20	15	details	1
20	16	are	1
20	17	still	1
20	18	somewhat	1
20	19	elusive,	2
20	20	the	1
20	21	key	1
20	22	to	1
20	23	the	1
20	24	success	1
20	25	of	1
20	26	mental	1
20	27	imagery	1
20	28	as	1
20	29	a	1
20	30	rehearsal	1
20	31	technique	1
20	32	is	1
20	33	that	1
20	34	most	1
20	35	of	1
20	36	the	1
20	37	same	1
20	38	neurological	1
20	39	regions	1
20	40	are	1
20	41	invoked	1
20	42	by	1
20	43	mental	1
20	44	practice	1
20	45	as	1
20	46	by	1
20	47	real	1
20	48	practice.	2
21	0	Not	1
21	1	only	1
21	2	smoke	1
21	3	came	1
21	4	out	1
21	5	of	1
21	6	it.	2
21	7	There	1
21	8	came	1
21	9	also	1
21	10	children's	2
21	11	voices,	2
21	12	for	1
21	13	so	1
21	14	safe	1
21	15	did	1
21	16	the	1
21	17	boys	1
21	18	feel	1
21	19	in	1
21	20	their	1
21	21	hiding-place	3
21	22	that	1
21	23	they	1
21	24	were	1
21	25	gaily	2
21	26	chattering.	3
21	27	The	1
21	28	pirates	1
21	29	listened	1
21	30	grimly,	3
21	31	and	1
21	32	then	1
21	33	replaced	1
21	34	the	1
21	35	mushroom.	2
21	36	They	1
21	37	looked	1
21	38	around	1
21	39	them	1
21	40	and	1
21	41	noted	1
21	42	the	1
21	43	holes	1
21	44	in	1
21	45	the	1
21	46	seven	1
21	47	trees.	2
22	0	When	1
22	1	a	1
22	2	nucleus	1
22	3	has	1
22	4	all	1
22	5	of	1
22	6	its	1
22	7	proton	2
22	8	shells	1
22	9	or	1
22	10	neutron	1
22	11	shells	1
22	12	loaded	1
22	13	to	1
22	14	full	1
22	15	capacity,	2
22	16	the	1
22	17	layers	1
22	18	can	1
22	19	align	1
22	20	so	1
22	21	well	1
22	22	that	1
22	23	each	1
22	24	shell	1
22	25	can	1
22	26	spoon	1
22	27	intimately	1
22	28	with	1
22	29	its	1
22	30	attractive	1
22	31	neighbors,	2
22	32	forming	1
22	33	a	1
22	34	more	1
22	35	compact	1
22	36	sphere	1
22	37	that	1
22	38	fits	1
22	39	well	1
22	40	within	1
22	41	the	1
22	42	strong	1
22	43	nuclear	1
22	44	force's	2
22	45	area	1
22	46	of	1
22	47	influence.	2
23	0	Hybrid	2
23	1	vehicles	1
23	2	have	1
23	3	a	1
23	4	halo	2
23	5	that	1
23	6	makes	1
23	7	owners	1
23	8	feel	1
23	9	righteous	1
23	10	and	1
23	11	their	1
23	12	neighbors	1
23	13	feel	1
23	14	guilty	1
23	15	for	1
23	16	not	1
23	17	doing	1
23	18	as	1
23	19	much	1
23	20	to	1
23	21	save	1
23	22	the	1
23	23	planet.	2
23	24	They	1
23	25	also	1
23	26	cost	1
23	27	more	1
23	28	and	1
23	29	a	1
23	30	new	1
23	31	report	1
23	32	from	1
23	33	the	1
23	34	very	1
23	35	green	1
23	36	Union	1
23	37	of	1
23	38	Concerned	2
23	39	Scientists	1
23	40	says	1
23	41	buyers	1
23	42	aren't	2
23	43	always	1
23	44	getting	1
23	45	their	1
23	46	money's	2
23	47	worth.	2
24	0	The	1
24	1	girl's	2
24	2	feet	1
24	3	were	1
24	4	then	1
24	5	re-wrapped	4
24	6	even	1
24	7	tighter	1
24	8	than	1
24	9	before,	2
24	10	causing	1
24	11	her	1
24	12	footprint	1
24	13	to	1
24	14	shrink	1
24	15	further	1
24	16	as	1
24	17	the	1
24	18	bones	1
24	19	slowly	1
24	20	fused	1
24	21	into	1
24	22	their	1
24	23	new	1
24	24	configuration.	2
24	25	Occasionally	1
24	26	girls'	2
24	27	feet	1
24	28	would	1
24	29	fester,	3
24	30	and	1
24	31	blood	1
24	32	poisoning	1
24	33	from	1
24	34	gangrene	2
24	35	could	1
24	36	be	1
24	37	a	1
24	38	cause	1
24	39	for	1
24	40	concern,	2
24	41	but	1
24	42	an	1
24	43	estimated	1
24	44	90%	2
24	45	survived	1
24	46	the	1
24	47	process.	2
25	0	An	1
25	1	early	1
25	2	task	1
25	3	will	1
25	4	be	1
25	5	to	1
25	6	make	1
25	7	sure	1
25	8	the	1
25	9	newfound	1
25	10	microbes	1
25	11	were	1
25	12	not	1
25	13	introduced	1
25	14	while	1
25	15	drilling	1
25	16	through	1
25	17	the	1
25	18	ice	1
25	19	into	1
25	20	the	1
25	21	lake,	2
25	22	which	1
25	23	involved	1
25	24	a	1
25	25	hot-water	3
25	26	drilling	1
25	27	technique	1
25	28	designed	1
25	29	to	1
25	30	greatly	1
25	31	reduce	1
25	32	or	1
25	33	eliminate	1
25	34	any	1
25	35	contamination	1
25	36	that	1
25	37	might	1
25	38	come	1
25	39	from	1
25	40	other	1
25	41	kerosene-based	5
25	42	drilling	1
25	43	technology,	2
25	44	Christner	2
25	45	said.	2
26	0	Very	1
26	1	similar,	2
26	2	but	1
26	3	even	1
26	4	more	1
26	5	striking,	2
26	6	is	1
26	7	the	1
26	8	evidence	1
26	9	from	1
26	10	athletic	1
26	11	training.	2
26	12	As	1
26	13	with	1
26	14	rehearsing	2
26	15	a	1
26	16	piece	1
26	17	on	1
26	18	the	1
26	19	piano,	2
26	20	practicing	1
26	21	a	1
26	22	complex	1
26	23	physical	1
26	24	task	1
26	25	in	1
26	26	the	1
26	27	mind	1
26	28	alone	1
26	29	is	1
26	30	nearly	1
26	31	as	1
26	32	effective	1
26	33	a	1
26	34	learning	1
26	35	strategy	1
26	36	as	1
26	37	actually	1
26	38	physically	1
26	39	doing	1
26	40	it.	2
26	41	But	1
26	42	it	1
26	43	doesnÕt	4
26	44	stop	1
26	45	there.	2
27	0	A	1
27	1	bill	1
27	2	was	1
27	3	drafted	1
27	4	and	1
27	5	introduced	1
27	6	into	1
27	7	Parliament	1
27	8	several	1
27	9	times	1
27	10	but	1
27	11	met	1
27	12	with	1
27	13	great	1
27	14	opposition,	2
27	15	mostly	1
27	16	from	1
27	17	farmers.	2
27	18	Eventually,	2
27	19	in	1
27	20	1925,	2
27	21	it	1
27	22	was	1
27	23	decided	1
27	24	that	1
27	25	summer	1
27	26	time	1
27	27	should	1
27	28	begin	1
27	29	on	1
27	30	the	1
27	31	day	1
27	32	following	1
27	33	the	1
27	34	third	1
27	35	Saturday	1
27	36	in	1
27	37	April	1
27	38	and	1
27	39	close	1
27	40	after	1
27	41	the	1
27	42	first	1
27	43	Saturday	1
27	44	in	1
27	45	October.	2
28	0	When	1
28	1	early	1
28	2	Europeans	1
28	3	discovered	1
28	4	Easter	1
28	5	Island,	2
28	6	its	1
28	7	somewhat	1
28	8	isolated	1
28	9	ecosystem	1
28	10	was	1
28	11	suffering	1
28	12	from	1
28	13	the	1
28	14	effects	1
28	15	of	1
28	16	limited	1
28	17	natural	1
28	18	resources,	2
28	19	deforestation,	2
28	20	and	1
28	21	overpopulation.	3
28	22	Over	1
28	23	the	1
28	24	following	1
28	25	years	1
28	26	the	1
28	27	island's	2
28	28	population	1
28	29	of	1
28	30	four	1
28	31	thousand	1
28	32	or	1
28	33	so	1
28	34	was	1
28	35	slowly	1
28	36	eroded	1
28	37	by	1
28	38	Western	1
28	39	disease	1
28	40	and	1
28	41	deportation	1
28	42	by	1
28	43	slave	1
28	44	traders.	2
29	0	Binge	2
29	1	drinking	1
29	2	may	1
29	3	not	1
29	4	necessarily	1
29	5	kill	1
29	6	or	1
29	7	even	1
29	8	damage	1
29	9	brain	1
29	10	cells,	2
29	11	as	1
29	12	commonly	1
29	13	thought,	2
29	14	a	1
29	15	new	1
29	16	animal	1
29	17	study	1
29	18	suggests.	2
29	19	But	1
29	20	it	1
29	21	can	1
29	22	block	1
29	23	key	1
29	24	receptors	1
29	25	in	1
29	26	the	1
29	27	brain	1
29	28	and	1
29	29	trigger	1
29	30	production	1
29	31	of	1
29	32	a	1
29	33	steroid	1
29	34	that	1
29	35	interferes	3
29	36	with	1
29	37	brain	1
29	38	functions	1
29	39	critical	1
29	40	to	1
29	41	learning	1
29	42	and	1
29	43	memory.	2
30	0	When	1
30	1	preparing	1
30	2	to	1
30	3	check	1
30	4	out	1
30	5	of	1
30	6	their	1
30	7	hotel	1
30	8	room,	2
30	9	some	1
30	10	frequent	1
30	11	travelers	1
30	12	pile	1
30	13	up	1
30	14	their	1
30	15	used	1
30	16	bath	1
30	17	towels	1
30	18	on	1
30	19	the	1
30	20	bathroom	1
30	21	floor,	2
30	22	which	1
30	23	would	1
30	24	make	1
30	25	them	1
30	26	easy	1
30	27	for	1
30	28	housekeepers	2
30	29	to	1
30	30	spot.	2
30	31	Other	1
30	32	travelers	1
30	33	neatly	1
30	34	fold	1
30	35	them,	2
30	36	or	1
30	37	hang	1
30	38	them	1
30	39	from	1
30	40	the	1
30	41	shower	1
30	42	curtain	1
30	43	pole.	2
31	0	In	1
31	1	no	1
31	2	celestial	1
31	3	hurry,	2
31	4	Neptune	1
31	5	has	1
31	6	just	1
31	7	completed	1
31	8	its	1
31	9	first	1
31	10	orbit	1
31	11	around	1
31	12	the	1
31	13	sun	1
31	14	since	1
31	15	being	1
31	16	discovered	1
31	17	165	1
31	18	years	1
31	19	ago	1
31	20	by	1
31	21	Earthlings.	3
31	22	As	1
31	23	Space.com	3
31	24	notes,	2
31	25	the	1
31	26	big	1
31	27	blue-green	3
31	28	gas	1
31	29	bag	1
31	30	is	1
31	31	the	1
31	32	only	1
31	33	planet	1
31	34	in	1
31	35	our	1
31	36	solar	1
31	37	system	1
31	38	to	1
31	39	be	1
31	40	discovered	1
31	41	by	1
31	42	mathematics.	2
32	0	When	1
32	1	attacked,	2
32	2	a	1
32	3	skunk's	3
32	4	natural	1
32	5	inclination	1
32	6	is	1
32	7	to	1
32	8	turn	1
32	9	around,	2
32	10	lick	1
32	11	its	1
32	12	tail	1
32	13	and	1
32	14	spray	1
32	15	a	1
32	16	noxious	2
32	17	scent.	2
32	18	That	1
32	19	works	1
32	20	when	1
32	21	a	1
32	22	skunk	2
32	23	faces	1
32	24	a	1
32	25	natural	1
32	26	predator	1
32	27	in	1
32	28	the	1
32	29	wild,	2
32	30	but	1
32	31	it's	2
32	32	not	1
32	33	as	1
32	34	helpful	1
32	35	when	1
32	36	faced	1
32	37	with,	2
32	38	let's	2
32	39	say,	2
32	40	an	1
32	41	oncoming	2
32	42	car.	2
33	0	Lady	1
33	1	Gaga's	2
33	2	YouTube	1
33	3	account	1
33	4	was	1
33	5	suspended	1
33	6	Thursday.	2
33	7	The	1
33	8	notice	1
33	9	read	1
33	10	that	1
33	11	the	1
33	12	suspension	1
33	13	was	1
33	14	due	1
33	15	to	1
33	16	"multiple	2
33	17	or	1
33	18	severe	1
33	19	violations	1
33	20	of	1
33	21	YouTube's	2
33	22	copyright	1
33	23	policy."	2
33	24	The	1
33	25	Google	1
33	26	Inc.-owned	3
33	27	YouTube	1
33	28	declined	1
33	29	to	1
33	30	comment.	2
33	31	It's	2
33	32	YouTube	1
33	33	policy	1
33	34	to	1
33	35	remove	1
33	36	accounts	1
33	37	after	1
33	38	three	1
33	39	copyright	1
33	40	violations.	2
34	0	The	1
34	1	astronauts	1
34	2	used	1
34	3	a	1
34	4	hefty	1
34	5	robotic	1
34	6	arm	1
34	7	to	1
34	8	move	1
34	9	the	1
34	10	bus-size	3
34	11	canister,	3
34	12	stuffed	1
34	13	with	1
34	14	nearly	1
34	15	three	1
34	16	tons	1
34	17	of	1
34	18	packing	1
34	19	foam	1
34	20	and	1
34	21	other	1
34	22	space	1
34	23	station	1
34	24	refuse.	2
34	25	It	1
34	26	was	1
34	27	the	1
34	28	last	1
34	29	job	1
34	30	shared	1
34	31	by	1
34	32	the	1
34	33	shuttle	1
34	34	and	1
34	35	station	1
34	36	crews,	2
34	37	numbering	1
34	38	ten	1
34	39	astronauts	1
34	40	altogether.	2
35	0	Rich	1
35	1	investors	1
35	2	with	1
35	3	no	1
35	4	ties	1
35	5	to	1
35	6	farming,	2
35	7	no	1
35	8	dirt	1
35	9	under	1
35	10	their	1
35	11	nails,	2
35	12	are	1
35	13	confident	1
35	14	enough	1
35	15	to	1
35	16	wager	2
35	17	big	1
35	18	on	1
35	19	a	1
35	20	patch	1
35	21	of	1
35	22	earth	1
35	23	Ñ	2
35	24	betting	1
35	25	that	1
35	26	it's	2
35	27	a	1
35	28	smart	1
35	29	investment	1
35	30	because	1
35	31	food	1
35	32	will	1
35	33	only	1
35	34	get	1
35	35	more	1
35	36	expensive	1
35	37	around	1
35	38	the	1
35	39	world.	2
36	0	John	1
36	1	Thornton	1
36	2	asked	1
36	3	little	1
36	4	of	1
36	5	man	1
36	6	or	1
36	7	nature.	2
36	8	He	1
36	9	was	1
36	10	unafraid	3
36	11	of	1
36	12	the	1
36	13	wild.	2
36	14	With	1
36	15	a	1
36	16	handful	1
36	17	of	1
36	18	salt	1
36	19	and	1
36	20	a	1
36	21	rifle	1
36	22	he	1
36	23	could	1
36	24	plunge	1
36	25	into	1
36	26	the	1
36	27	wilderness	1
36	28	and	1
36	29	fare	1
36	30	wherever	1
36	31	he	1
36	32	pleased	1
36	33	and	1
36	34	as	1
36	35	long	1
36	36	as	1
36	37	he	1
36	38	pleased.	2
37	0	All	1
37	1	that	1
37	2	the	1
37	3	brain	1
37	4	has	1
37	5	to	1
37	6	work	1
37	7	with	1
37	8	are	1
37	9	imperfect	1
37	10	incoming	1
37	11	electrical	1
37	12	impulses	1
37	13	announcing	1
37	14	that	1
37	15	things	1
37	16	are	1
37	17	happening.	2
37	18	It	1
37	19	is	1
37	20	then	1
37	21	the	1
37	22	job	1
37	23	of	1
37	24	neurons	1
37	25	to	1
37	26	rapidly	1
37	27	interpret	1
37	28	these	1
37	29	signals	1
37	30	as	1
37	31	well	1
37	32	as	1
37	33	they	1
37	34	can,	2
37	35	and	1
37	36	suggest	1
37	37	how	1
37	38	to	1
37	39	react.	2
38	0	That's	2
38	1	because	1
38	2	when	1
38	3	immigrants	1
38	4	from	1
38	5	a	1
38	6	particular	1
38	7	cultural	1
38	8	group	1
38	9	move	1
38	10	into	1
38	11	a	1
38	12	new	1
38	13	one,	2
38	14	they	1
38	15	bring	1
38	16	genetic	1
38	17	diversity	1
38	18	that,	2
38	19	if	1
38	20	the	1
38	21	immigrants	1
38	22	have	1
38	23	children,	2
38	24	get	1
38	25	mixed	1
38	26	around,	2
38	27	changing	1
38	28	the	1
38	29	new	1
38	30	population's	2
38	31	gene	1
38	32	pool.	2
38	33	But	1
38	34	the	1
38	35	new	1
38	36	population's	2
38	37	culture	1
38	38	doesn't	2
38	39	necessarily	1
38	40	change.	2
39	0	Police	1
39	1	in	1
39	2	Georgia	1
39	3	have	1
39	4	shut	1
39	5	down	1
39	6	a	1
39	7	lemonade	2
39	8	stand	1
39	9	run	1
39	10	by	1
39	11	three	1
39	12	girls	1
39	13	trying	1
39	14	to	1
39	15	save	1
39	16	up	1
39	17	for	1
39	18	a	1
39	19	trip	1
39	20	to	1
39	21	a	1
39	22	water	1
39	23	park,	2
39	24	saying	1
39	25	they	1
39	26	didn't	2
39	27	have	1
39	28	a	1
39	29	business	1
39	30	license	1
39	31	or	1
39	32	the	1
39	33	required	1
39	34	permits.	2
39	35	Morningstar	2
39	36	says	1
39	37	police	1
39	38	also	1
39	39	didn't	2
39	40	know	1
39	41	how	1
39	42	the	1
39	43	lemonade	2
39	44	was	1
39	45	made.	2
40	0	Research	1
40	1	showing	1
40	2	that	1
40	3	a	1
40	4	tiny	1
40	5	European	1
40	6	river	1
40	7	bug	1
40	8	called	1
40	9	the	1
40	10	water	1
40	11	boatman	2
40	12	may	1
40	13	be	1
40	14	the	1
40	15	loudest	2
40	16	animal	1
40	17	on	1
40	18	earth	1
40	19	for	1
40	20	its	1
40	21	size	1
40	22	has	1
40	23	some	1
40	24	interesting	1
40	25	sidebars.	3
40	26	The	1
40	27	insect	1
40	28	is	1
40	29	just	1
40	30	two	1
40	31	millimeters	2
40	32	long	1
40	33	and	1
40	34	yet	1
40	35	produces	1
40	36	an	1
40	37	underwater	1
40	38	call	1
40	39	that	1
40	40	has	1
40	41	been	1
40	42	measured	1
40	43	at	1
40	44	99.2	3
40	45	decibels.	4
41	0	There	1
41	1	often	1
41	2	seems	1
41	3	to	1
41	4	be	1
41	5	more	1
41	6	diving	1
41	7	in	1
41	8	soccer	1
41	9	than	1
41	10	in	1
41	11	the	1
41	12	Summer	1
41	13	Olympics.	2
41	14	Phantom	1
41	15	contact,	2
41	16	or	1
41	17	the	1
41	18	slightest	1
41	19	collision,	2
41	20	can	1
41	21	lead	1
41	22	to	1
41	23	theatrical	1
41	24	belly	1
41	25	flops	2
41	26	and	1
41	27	exaggerated	1
41	28	somersaults	3
41	29	by	1
41	30	players	1
41	31	deceptively	3
41	32	trying	1
41	33	to	1
41	34	draw	1
41	35	fouls	2
41	36	on	1
41	37	their	1
41	38	opponents,	2
41	39	kill	1
41	40	time	1
41	41	or	1
41	42	catch	1
41	43	a	1
41	44	breather	2
41	45	when	1
41	46	tired.	2
42	0	Proper	2
42	1	ventilation	1
42	2	will	1
42	3	make	1
42	4	a	1
42	5	backdraft	2
42	6	less	1
42	7	likely.	2
42	8	Opening	1
42	9	a	1
42	10	room	1
42	11	or	1
42	12	building	1
42	13	at	1
42	14	the	1
42	15	highest	1
42	16	point	1
42	17	allows	1
42	18	heated	1
42	19	gases	1
42	20	and	1
42	21	smoke	1
42	22	to	1
42	23	be	1
42	24	released	1
42	25	gradually.	2
42	26	However,	2
42	27	suddenly	1
42	28	breaking	1
42	29	a	1
42	30	window	1
42	31	or	1
42	32	opening	1
42	33	a	1
42	34	door	1
42	35	is	1
42	36	a	1
42	37	mistake,	2
42	38	because	1
42	39	it	1
42	40	allows	1
42	41	oxygen	1
42	42	to	1
42	43	rush	1
42	44	in,	2
42	45	causing	1
42	46	an	1
42	47	explosion.	2
43	0	The	1
43	1	first	1
43	2	step	1
43	3	to	1
43	4	be	1
43	5	taken	1
43	6	in	1
43	7	studying	1
43	8	the	1
43	9	history	1
43	10	of	1
43	11	our	1
43	12	country	1
43	13	is	1
43	14	to	1
43	15	form	1
43	16	some	1
43	17	clear	1
43	18	and	1
43	19	proper	1
43	20	conception	1
43	21	of	1
43	22	the	1
43	23	characteristics	1
43	24	and	1
43	25	condition	1
43	26	of	1
43	27	the	1
43	28	territory	1
43	29	which	1
43	30	is	1
43	31	now	1
43	32	occupied	1
43	33	by	1
43	34	the	1
43	35	American	1
43	36	people,	2
43	37	as	1
43	38	it	1
43	39	existed	1
43	40	when	1
43	41	first	1
43	42	discovered	1
43	43	and	1
43	44	explored	1
43	45	by	1
43	46	Europeans.	2
44	0	Susan	1
44	1	B.	2
44	2	Anthony	1
44	3	spent	1
44	4	nearly	1
44	5	sixty	1
44	6	years	1
44	7	of	1
44	8	her	1
44	9	life	1
44	10	devoted	1
44	11	to	1
44	12	the	1
44	13	cause	1
44	14	of	1
44	15	social	1
44	16	justice	1
44	17	and	1
44	18	equality	1
44	19	for	1
44	20	all.	2
44	21	Her	1
44	22	major	1
44	23	contributions	1
44	24	were	1
44	25	focused	1
44	26	on	1
44	27	womenÕs	4
44	28	rights.	2
44	29	Her	1
44	30	primary	1
44	31	achievement	1
44	32	lay	1
44	33	in	1
44	34	her	1
44	35	inspiration	1
44	36	and	1
44	37	influence	1
44	38	of	1
44	39	thousands	1
44	40	of	1
44	41	people	1
44	42	promoting	1
44	43	the	1
44	44	right	1
44	45	of	1
44	46	women	1
44	47	to	1
44	48	vote.	2
45	0	As	1
45	1	Earth	1
45	2	warms	2
45	3	due	1
45	4	to	1
45	5	the	1
45	6	human-caused	4
45	7	release	1
45	8	of	1
45	9	heat-trapping	4
45	10	gases	1
45	11	into	1
45	12	the	1
45	13	atmosphere,	2
45	14	frozen	1
45	15	Arctic	1
45	16	soils	1
45	17	also	1
45	18	warm,	2
45	19	thaw	2
45	20	and	1
45	21	release	1
45	22	more	1
45	23	carbon	1
45	24	dioxide.	2
45	25	The	1
45	26	added	1
45	27	carbon	1
45	28	dioxide	1
45	29	accelerates	2
45	30	Earth's	2
45	31	warming,	2
45	32	which	1
45	33	further	1
45	34	accelerates	2
45	35	the	1
45	36	thawing	3
45	37	of	1
45	38	Arctic	1
45	39	soils	1
45	40	and	1
45	41	the	1
45	42	release	1
45	43	of	1
45	44	even	1
45	45	more	1
45	46	carbon	1
45	47	dioxide.	2
46	0	Unfortunately,	2
46	1	for	1
46	2	every	1
46	3	six	1
46	4	water	1
46	5	bottles	1
46	6	we	1
46	7	use,	2
46	8	only	1
46	9	one	1
46	10	makes	1
46	11	it	1
46	12	to	1
46	13	the	1
46	14	recycling	1
46	15	bin.	2
46	16	The	1
46	17	rest	1
46	18	are	1
46	19	sent	1
46	20	to	1
46	21	landfills	3
46	22	or,	2
46	23	even	1
46	24	worse,	2
46	25	they	1
46	26	end	1
46	27	up	1
46	28	as	1
46	29	trash	1
46	30	on	1
46	31	the	1
46	32	land	1
46	33	and	1
46	34	in	1
46	35	rivers,	2
46	36	lakes,	2
46	37	and	1
46	38	the	1
46	39	ocean.	2
46	40	Plastic	1
46	41	bottles	1
46	42	take	1
46	43	many	1
46	44	hundreds	1
46	45	of	1
46	46	years	1
46	47	to	1
46	48	disintegrate.	3
47	0	As	1
47	1	in	1
47	2	the	1
47	3	United	1
47	4	States,	2
47	5	Colombian	1
47	6	legislation	1
47	7	requires	1
47	8	travelers	1
47	9	entering	1
47	10	the	1
47	11	country	1
47	12	to	1
47	13	declare	1
47	14	cash	1
47	15	in	1
47	16	excess	1
47	17	of	1
47	18	ten	1
47	19	thousand	1
47	20	dollars.	2
47	21	Concealing	2
47	22	more	1
47	23	than	1
47	24	that	1
47	25	amount	1
47	26	to	1
47	27	transport	1
47	28	it	1
47	29	into	1
47	30	or	1
47	31	out	1
47	32	of	1
47	33	the	1
47	34	country	1
47	35	is	1
47	36	a	1
47	37	crime	1
47	38	punishable	1
47	39	by	1
47	40	up	1
47	41	to	1
47	42	five	1
47	43	years	1
47	44	in	1
47	45	prison	1
47	46	in	1
47	47	the	1
47	48	United	1
47	49	States.	2
48	0	For	1
48	1	centuries,	2
48	2	time	1
48	3	was	1
48	4	measured	1
48	5	by	1
48	6	the	1
48	7	position	1
48	8	of	1
48	9	the	1
48	10	sun	1
48	11	with	1
48	12	the	1
48	13	use	1
48	14	of	1
48	15	sundials.	3
48	16	Noon	1
48	17	was	1
48	18	recognized	1
48	19	when	1
48	20	the	1
48	21	sun	1
48	22	was	1
48	23	the	1
48	24	highest	1
48	25	in	1
48	26	the	1
48	27	sky,	2
48	28	and	1
48	29	cities	1
48	30	would	1
48	31	set	1
48	32	their	1
48	33	clock	1
48	34	by	1
48	35	this	1
48	36	apparent	1
48	37	solar	1
48	38	time,	2
48	39	even	1
48	40	though	1
48	41	some	1
48	42	cities	1
48	43	would	1
48	44	often	1
48	45	be	1
48	46	on	1
48	47	a	1
48	48	slightly	1
48	49	different	1
48	50	time.	2
49	0	When	1
49	1	the	1
49	2	new	1
49	3	world	1
49	4	was	1
49	5	first	1
49	6	discovered	1
49	7	it	1
49	8	was	1
49	9	found	1
49	10	to	1
49	11	be,	2
49	12	like	1
49	13	the	1
49	14	old,	2
49	15	well	1
49	16	stocked	1
49	17	with	1
49	18	plants	1
49	19	and	1
49	20	animals,	2
49	21	and	1
49	22	inhabited	1
49	23	by	1
49	24	a	1
49	25	great	1
49	26	many	1
49	27	tribes	1
49	28	and	1
49	29	nations	1
49	30	of	1
49	31	men;	2
49	32	and	1
49	33	yet	1
49	34	the	1
49	35	plants	1
49	36	and	1
49	37	animals,	2
49	38	if	1
49	39	not	1
49	40	the	1
49	41	men,	2
49	42	were	1
49	43	all	1
49	44	essentially	1
49	45	different	1
49	46	from	1
49	47	those	1
49	48	known	1
49	49	in	1
49	50	the	1
49	51	old	1
49	52	world.	2
50	0	American	1
50	1	industry	1
50	2	may	1
50	3	not	1
50	4	know	1
50	5	it,	2
50	6	but	1
50	7	debate	1
50	8	in	1
50	9	Congress	1
50	10	over	1
50	11	reforming	1
50	12	the	1
50	13	federal	1
50	14	government's	2
50	15	regulatory	1
50	16	apparatus	1
50	17	may	1
50	18	profoundly	1
50	19	improve	1
50	20	companies'	2
50	21	ability	1
50	22	to	1
50	23	survive.	2
50	24	This	1
50	25	week	1
50	26	the	1
50	27	Senate	1
50	28	seems	1
50	29	poised	1
50	30	to	1
50	31	join	1
50	32	the	1
50	33	House	1
50	34	in	1
50	35	a	1
50	36	massive	1
50	37	overhaul	1
50	38	of	1
50	39	the	1
50	40	way	1
50	41	in	1
50	42	which	1
50	43	bureaucrats	1
50	44	enact	1
50	45	regulations	1
50	46	that	1
50	47	are	1
50	48	strangling	2
50	49	the	1
50	50	life	1
50	51	out	1
50	52	of	1
50	53	companies.	2
51	0	Stress	2
51	1	is	1
51	2	a	1
51	3	risk	1
51	4	factor	1
51	5	for	1
51	6	both	1
51	7	depression	1
51	8	and	1
51	9	anxiety,	2
51	10	he	1
51	11	says.	2
51	12	"We	2
51	13	don't	2
51	14	have	1
51	15	data	1
51	16	on	1
51	17	the	1
51	18	specific	1
51	19	causes	1
51	20	of	1
51	21	depression	1
51	22	and	1
51	23	anxiety	1
51	24	in	1
51	25	this	1
51	26	sample,	2
51	27	but	1
51	28	it	1
51	29	does	1
51	30	make	1
51	31	sense	1
51	32	scientifically	1
51	33	that	1
51	34	the	1
51	35	Millennials	1
51	36	who	1
51	37	report	1
51	38	higher	1
51	39	levels	1
51	40	of	1
51	41	stress	1
51	42	in	1
51	43	their	1
51	44	lives	1
51	45	are	1
51	46	also	1
51	47	reporting	1
51	48	higher	1
51	49	levels	1
51	50	of	1
51	51	depression	1
51	52	and	1
51	53	anxiety.	2
52	0	When	1
52	1	it	1
52	2	comes	1
52	3	to	1
52	4	having	1
52	5	a	1
52	6	lasting	1
52	7	and	1
52	8	fulfilling	1
52	9	relationship,	2
52	10	common	1
52	11	wisdom	1
52	12	says	1
52	13	that	1
52	14	feeling	1
52	15	close	1
52	16	to	1
52	17	your	1
52	18	romantic	1
52	19	partner	1
52	20	is	1
52	21	paramount.	2
52	22	But	1
52	23	a	1
52	24	new	1
52	25	study	1
52	26	finds	1
52	27	that	1
52	28	it's	2
52	29	not	1
52	30	how	1
52	31	close	1
52	32	you	1
52	33	feel	1
52	34	that	1
52	35	matters	1
52	36	most,	2
52	37	it's	2
52	38	whether	1
52	39	you	1
52	40	are	1
52	41	as	1
52	42	close	1
52	43	as	1
52	44	you	1
52	45	want	1
52	46	to	1
52	47	be,	2
52	48	even	1
52	49	if	1
52	50	that's	2
52	51	really	1
52	52	not	1
52	53	close	1
52	54	at	1
52	55	all.	2
53	0	At	1
53	1	the	1
53	2	time	1
53	3	the	1
53	4	French	1
53	5	crown	1
53	6	secured	1
53	7	much	1
53	8	of	1
53	9	its	1
53	10	revenue	1
53	11	by	1
53	12	issuing	1
53	13	government	1
53	14	bonds.	2
53	15	In	1
53	16	1727,	3
53	17	in	1
53	18	order	1
53	19	to	1
53	20	save	1
53	21	money,	2
53	22	the	1
53	23	state	1
53	24	cut	1
53	25	the	1
53	26	bondsÕ	3
53	27	interest	1
53	28	rate.	2
53	29	The	1
53	30	market	1
53	31	value	1
53	32	of	1
53	33	these	1
53	34	bonds	1
53	35	plummeted,	2
53	36	and	1
53	37	the	1
53	38	market	1
53	39	became	1
53	40	wary	1
53	41	of	1
53	42	French	1
53	43	credit.	2
53	44	The	1
53	45	French	1
53	46	state	1
53	47	was	1
53	48	left	1
53	49	without	1
53	50	an	1
53	51	easy	1
53	52	way	1
53	53	of	1
53	54	raising	1
53	55	money.	2
54	0	Voltaire	3
54	1	himself	1
54	2	probably	1
54	3	won	1
54	4	around	1
54	5	half	1
54	6	a	1
54	7	million	1
54	8	livres,	3
54	9	a	1
54	10	large	1
54	11	fortune,	2
54	12	which	1
54	13	he	1
54	14	then	1
54	15	made	1
54	16	even	1
54	17	larger	1
54	18	in	1
54	19	a	1
54	20	series	1
54	21	of	1
54	22	canny	2
54	23	investments.	2
54	24	Soon	1
54	25	Voltaire	2
54	26	was	1
54	27	a	1
54	28	very	1
54	29	rich	1
54	30	man,	2
54	31	rich	1
54	32	enough	1
54	33	to	1
54	34	become	1
54	35	a	1
54	36	moneylender	3
54	37	to	1
54	38	the	1
54	39	powerful	1
54	40	and	1
54	41	famous,	2
54	42	rich	1
54	43	enough	1
54	44	that	1
54	45	he	1
54	46	no	1
54	47	longer	1
54	48	had	1
54	49	to	1
54	50	stake	1
54	51	his	1
54	52	financial	1
54	53	well-being	3
54	54	on	1
54	55	that	1
54	56	most	1
54	57	unreliable	1
54	58	and	1
54	59	detestable	3
54	60	profession,	2
54	61	writing.	2
