story	zone	word	num_tokens	pronoun_replacement
0	0	There	1	NA
0	1	are	1	NA
0	2	now	1	NA
0	3	rumblings	3	NA
0	4	that	1	NA
0	5	Apple	1	NA
0	6	might	1	NA
0	7	soon	1	NA
0	8	invade	1	NA
0	9	the	1	it,
0	10	smart	1	it,
0	11	watch	1	it,
0	12	space,	2	it,
0	13	though	1	NA
0	14	the	1	NA
0	15	company	1	NA
0	16	is	1	NA
0	17	maintaining	1	NA
0	18	its	1	its.
0	19	customary	1	its.
0	20	silence.	2	its.
0	21	The	1	NA
0	22	watch	1	NA
0	23	doesn't	2	NA
0	24	have	1	NA
0	25	a	1	it
0	26	microphone	1	it
0	27	or	1	NA
0	28	speaker,	2	it,
0	29	but	1	NA
0	30	you	1	NA
0	31	can	1	NA
0	32	use	1	NA
0	33	it	1	NA
0	34	to	1	NA
0	35	control	1	NA
0	36	the	1	it.
0	37	music	1	it.
0	38	on	1	it.
0	39	your	1	it.
0	40	phone.	2	it.
0	41	You	1	NA
0	42	can	1	NA
0	43	glance	1	NA
0	44	at	1	NA
0	45	the	1	it
0	46	watch	1	it
0	47	face	1	it
0	48	to	1	NA
0	49	view	1	NA
0	50	the	1	its
0	51	artist	1	its
0	52	and	1	NA
0	53	title	1	its.
0	54	of	1	its.
0	55	a	1	its.
0	56	song.	2	its.
1	0	Two	1	It
1	1	days	1	It
1	2	later,	2	NA
1	3	the	1	NA
1	4	British	1	NA
1	5	astronomer	1	NA
1	6	Richard	1	NA
1	7	Carrington	2	NA
1	8	was	1	NA
1	9	observing	1	NA
1	10	the	1	NA
1	11	interesting	1	NA
1	12	sunspot	2	NA
1	13	group	1	NA
1	14	through	1	NA
1	15	his	1	it
1	16	telescope	1	it
1	17	when	1	NA
1	18	he	1	NA
1	19	saw	1	NA
1	20	what	1	NA
1	21	he	1	NA
1	22	described	1	NA
1	23	as	1	NA
1	24	"two	2	"them"
1	25	patches	1	"them"
1	26	of	1	"them"
1	27	intensely	1	"them"
1	28	bright	1	"them"
1	29	and	1	"them"
1	30	white	1	"them"
1	31	light"	2	"them"
1	32	over	1	NA
1	33	the	1	NA
1	34	sunspots.	4	NA
1	35	He	1	NA
1	36	jotted	2	NA
1	37	a	1	it
1	38	note	1	it
1	39	in	1	NA
1	40	his	1	his.
1	41	painstaking	1	his.
1	42	record.	2	his.
1	43	That	1	It
1	44	night	1	It
1	45	there	1	NA
1	46	was	1	NA
1	47	scarcely	1	NA
1	48	a	1	it.
1	49	square	1	it.
1	50	inch	1	it.
1	51	of	1	it.
1	52	earth	1	it.
1	53	that	1	it.
1	54	was	1	it.
1	55	not	1	it.
1	56	illuminated	1	it.
1	57	by	1	it.
1	58	aurora.	3	it.
2	0	I	1	NA
2	1	agree	1	NA
2	2	that	1	NA
2	3	California's	2	NA
2	4	"three	2	NA
2	5	strikes	1	NA
2	6	and	1	NA
2	7	you're	2	NA
2	8	out"	2	NA
2	9	law	1	NA
2	10	will	1	NA
2	11	be	1	NA
2	12	a	1	it
2	13	financial	1	it
2	14	disaster	1	it
2	15	for	1	NA
2	16	taxpayers	1	them.
2	17	who	1	them.
2	18	care	1	them.
2	19	about	1	them.
2	20	education	1	them.
2	21	and	1	them.
2	22	other	1	them.
2	23	vital	1	them.
2	24	services.	2	them.
2	25	But	1	NA
2	26	it's	2	NA
2	27	far	1	NA
2	28	from	1	NA
2	29	clear	1	NA
2	30	that	1	NA
2	31	the	1	NA
2	32	law	1	NA
2	33	can	1	NA
2	34	even	1	NA
2	35	be	1	NA
2	36	credited	1	NA
2	37	with	1	NA
2	38	a	1	it.
2	39	reduction	1	it.
2	40	in	1	it.
2	41	crime	1	it.
2	42	in	1	it.
2	43	California.	2	it.
2	44	While	1	NA
2	45	it's	2	NA
2	46	true	1	NA
2	47	that	1	NA
2	48	crime	1	NA
2	49	declined	1	NA
2	50	in	1	NA
2	51	California	1	NA
2	52	last	1	it,
2	53	year,	2	it,
2	54	crime	1	it
2	55	also	1	NA
2	56	dropped	1	NA
2	57	nationwide.	2	NA
3	0	Liza	2	NA
3	1	was	1	NA
3	2	in	1	NA
3	3	a	1	NA
3	4	bad	1	NA
3	5	temper,	2	NA
3	6	for	1	NA
3	7	she	1	NA
3	8	was	1	NA
3	9	mixing	1	NA
3	10	the	1	NA
3	11	Christmas	1	NA
3	12	puddings	3	NA
3	13	in	1	NA
3	14	the	1	it,
3	15	kitchen,	2	it,
3	16	and	1	NA
3	17	had	1	NA
3	18	been	1	NA
3	19	drawn	1	NA
3	20	from	1	NA
3	21	them,	2	NA
3	22	with	1	NA
3	23	a	1	NA
3	24	raisin	2	NA
3	25	still	1	NA
3	26	on	1	NA
3	27	her	1	NA
3	28	cheek,	2	NA
3	29	by	1	NA
3	30	Nana's	3	NA
3	31	absurd	1	NA
3	32	suspicions.	2	NA
3	33	She	1	NA
3	34	thought	1	NA
3	35	the	1	NA
3	36	best	1	NA
3	37	way	1	NA
3	38	of	1	NA
3	39	getting	1	NA
3	40	a	1	NA
3	41	little	1	NA
3	42	quiet	1	NA
3	43	was	1	NA
3	44	to	1	NA
3	45	take	1	NA
3	46	Nana	2	NA
3	47	to	1	NA
3	48	the	1	it
3	49	nursery	1	it
3	50	for	1	NA
3	51	a	1	NA
3	52	moment,	2	NA
3	53	but	1	NA
3	54	in	1	NA
3	55	custody	1	NA
3	56	of	1	NA
3	57	course.	2	NA
4	0	Mrs.	2	NA
4	1	Darling	1	NA
4	2	quivered	2	NA
4	3	and	1	NA
4	4	went	1	NA
4	5	to	1	NA
4	6	the	1	NA
4	7	window.	2	NA
4	8	It	1	NA
4	9	was	1	NA
4	10	securely	1	NA
4	11	fastened.	3	NA
4	12	She	1	NA
4	13	looked	1	NA
4	14	out,	2	NA
4	15	and	1	NA
4	16	the	1	NA
4	17	night	1	NA
4	18	was	1	NA
4	19	peppered	2	NA
4	20	with	1	NA
4	21	stars.	2	NA
4	22	They	1	NA
4	23	were	1	NA
4	24	crowding	2	NA
4	25	round	1	NA
4	26	the	1	NA
4	27	house,	2	NA
4	28	as	1	NA
4	29	if	1	NA
4	30	curious	1	NA
4	31	to	1	NA
4	32	see	1	NA
4	33	what	1	NA
4	34	was	1	NA
4	35	to	1	NA
4	36	take	1	NA
4	37	place	1	NA
4	38	there,	2	NA
4	39	but	1	NA
4	40	she	1	NA
4	41	did	1	NA
4	42	not	1	NA
4	43	notice	1	NA
4	44	this,	2	NA
4	45	nor	1	NA
4	46	that	1	NA
4	47	one	1	NA
4	48	or	1	NA
4	49	two	1	NA
4	50	of	1	NA
4	51	the	1	them
4	52	smaller	1	them
4	53	ones	1	them
4	54	winked	2	NA
4	55	at	1	NA
4	56	her.	2	NA
5	0	Seeing	1	NA
5	1	Peter	1	NA
5	2	slowly	1	NA
5	3	advancing	1	NA
5	4	upon	1	NA
5	5	him	1	NA
5	6	through	1	NA
5	7	the	1	it
5	8	air	1	it
5	9	with	1	NA
5	10	dagger	1	it
5	11	poised,	2	NA
5	12	he	1	NA
5	13	sprang	1	NA
5	14	upon	1	NA
5	15	the	1	them
5	16	bulwarks	3	them
5	17	to	1	NA
5	18	cast	1	NA
5	19	himself	1	NA
5	20	into	1	NA
5	21	the	1	it.
5	22	sea.	2	it.
5	23	He	1	NA
5	24	did	1	NA
5	25	not	1	NA
5	26	know	1	NA
5	27	that	1	NA
5	28	the	1	it
5	29	crocodile	2	it
5	30	was	1	NA
5	31	waiting	1	NA
5	32	for	1	NA
5	33	him;	2	NA
5	34	for	1	NA
5	35	we	1	NA
5	36	purposely	1	NA
5	37	stopped	1	NA
5	38	the	1	it
5	39	clock	1	it
5	40	that	1	NA
5	41	this	1	it
5	42	knowledge	1	it
5	43	might	1	NA
5	44	be	1	NA
5	45	spared	1	NA
5	46	him:	2	NA
5	47	a	1	it
5	48	little	1	it
5	49	mark	1	it
5	50	of	1	it
5	51	respect	1	it
5	52	from	1	it
5	53	us	1	it
5	54	at	1	NA
5	55	the	1	NA
5	56	end.	2	NA
6	0	Dorothy	3	NA
6	1	didn't	2	NA
6	2	know.	2	NA
6	3	She	1	NA
6	4	looked	1	NA
6	5	around	1	NA
6	6	her	1	NA
6	7	anxiously	2	NA
6	8	for	1	NA
6	9	some	1	it;
6	10	familiar	1	it;
6	11	landmark;	2	it;
6	12	but	1	NA
6	13	everything	1	NA
6	14	was	1	NA
6	15	strange.	2	NA
6	16	Between	1	NA
6	17	the	1	them
6	18	branches	1	them
6	19	of	1	them
6	20	the	1	them
6	21	many	1	them
6	22	roads	1	them
6	23	were	1	NA
6	24	green	1	them
6	25	meadows	2	them
6	26	and	1	NA
6	27	a	1	them,
6	28	few	1	them,
6	29	shrubs	2	them,
6	30	and	1	them,
6	31	trees,	2	them,
6	32	but	1	NA
6	33	she	1	NA
6	34	couldn't	2	NA
6	35	see	1	NA
6	36	the	1	it,
6	37	farm-house	3	it,
6	38	from	1	it,
6	39	which	1	it,
6	40	she	1	it,
6	41	had	1	it,
6	42	just	1	it,
6	43	come,	2	it,
6	44	or	1	NA
6	45	anything	1	it,
6	46	she	1	it,
6	47	had	1	it,
6	48	ever	1	it,
6	49	seen	1	it,
6	50	before,	2	it,
6	51	except	1	NA
6	52	the	1	him
6	53	shaggy	3	him
6	54	man	1	him
6	55	and	1	NA
6	56	Toto.	3	him.
7	0	The	1	NA
7	1	human	1	NA
7	2	body	1	NA
7	3	can	1	NA
7	4	tolerate	1	NA
7	5	only	1	it,
7	6	a	1	it,
7	7	small	1	it,
7	8	range	1	it,
7	9	of	1	it,
7	10	temperature,	2	it,
7	11	especially	1	NA
7	12	when	1	NA
7	13	the	1	NA
7	14	person	1	NA
7	15	is	1	NA
7	16	engaged	1	NA
7	17	in	1	NA
7	18	vigorous	1	it.
7	19	activity.	2	it.
7	20	Heat	1	They
7	21	reactions	1	They
7	22	usually	1	NA
7	23	occur	1	NA
7	24	when	1	NA
7	25	large	1	they
7	26	amounts	1	they
7	27	of	1	they
7	28	water	1	they
7	29	and/or	3	they
7	30	salt	1	they
7	31	are	1	NA
7	32	lost	1	NA
7	33	through	1	NA
7	34	excessive	1	it
7	35	sweating	1	it
7	36	following	1	NA
7	37	strenuous	2	it.
7	38	exercise.	2	it.
7	39	When	1	NA
7	40	the	1	NA
7	41	body	1	NA
7	42	becomes	1	NA
7	43	overheated	2	NA
7	44	and	1	NA
7	45	cannot	1	NA
7	46	eliminate	1	NA
7	47	this	1	it,
7	48	excess	1	it,
7	49	heat,	2	it,
7	50	heat	1	they
7	51	exhaustion	1	they
7	52	and	1	NA
7	53	heat	1	they
7	54	stroke	1	they
7	55	are	1	NA
7	56	possible.	2	NA
8	0	It	1	NA
8	1	was	1	NA
8	2	a	1	NA
8	3	forbidding	2	NA
8	4	challenge,	2	NA
8	5	and	1	NA
8	6	it	1	NA
8	7	says	1	NA
8	8	much	1	NA
8	9	for	1	NA
8	10	Winstanley's	4	them,
8	11	persuasive	1	them,
8	12	abilities,	2	them,
8	13	not	1	NA
8	14	to	1	NA
8	15	mention	1	NA
8	16	his	1	it,
8	17	self-confidence,	4	it,
8	18	that	1	NA
8	19	the	1	they
8	20	admiralty	3	they
8	21	agreed	1	NA
8	22	to	1	NA
8	23	fund	1	NA
8	24	him.	2	NA
8	25	No	1	It
8	26	lighthouse	1	It
8	27	had	1	NA
8	28	ever	1	NA
8	29	been	1	NA
8	30	built	1	NA
8	31	out	1	NA
8	32	to	1	NA
8	33	sea	1	it
8	34	on	1	NA
8	35	an	1	it
8	36	isolated	1	it
8	37	rock	1	it
8	38	before.	2	NA
8	39	The	1	NA
8	40	Eddystone	3	NA
8	41	is	1	NA
8	42	hard	1	NA
8	43	enough	1	NA
8	44	to	1	NA
8	45	avoid,	2	NA
8	46	but	1	NA
8	47	landing	1	NA
8	48	on	1	NA
8	49	it	1	NA
8	50	is	1	NA
8	51	a	1	it
8	52	separate	1	it
8	53	challenge	1	it
8	54	entirely.	2	NA
9	0	A	1	He
9	1	clergyman	2	He
9	2	remarked	1	NA
9	3	to	1	NA
9	4	him,	2	NA
9	5	"The	2	NA
9	6	Lord	1	NA
9	7	is	1	NA
9	8	on	1	NA
9	9	our	1	NA
9	10	side."	2	NA
9	11	I	1	NA
9	12	am	1	NA
9	13	not	1	NA
9	14	at	1	NA
9	15	all	1	NA
9	16	concerned	1	NA
9	17	about	1	NA
9	18	that,	2	NA
9	19	replied	1	NA
9	20	Mr.	2	NA
9	21	Lincoln;	2	NA
9	22	"for	2	NA
9	23	I	1	NA
9	24	know	1	NA
9	25	that	1	NA
9	26	the	1	NA
9	27	Lord	1	NA
9	28	is	1	NA
9	29	always	1	NA
9	30	on	1	NA
9	31	the	1	NA
9	32	side	1	NA
9	33	of	1	NA
9	34	the	1	NA
9	35	right.	2	NA
9	36	But	1	NA
9	37	it	1	NA
9	38	is	1	NA
9	39	my	1	NA
9	40	constant	1	NA
9	41	anxiety	1	NA
9	42	and	1	NA
9	43	prayer	1	NA
9	44	that	1	NA
9	45	I	1	NA
9	46	and	1	NA
9	47	this	1	it
9	48	nation	1	it
9	49	should	1	NA
9	50	be	1	NA
9	51	on	1	NA
9	52	the	1	NA
9	53	Lord's	2	NA
9	54	side."	2	NA
10	0	Known	1	NA
10	1	as	1	NA
10	2	Rapa	2	NA
10	3	Nui	2	NA
10	4	to	1	NA
10	5	the	1	them,
10	6	island's	2	them,
10	7	inhabitants,	2	them,
10	8	Rongorongo	4	NA
10	9	is	1	NA
10	10	a	1	NA
10	11	writing	1	NA
10	12	system	1	NA
10	13	comprised	1	NA
10	14	of	1	NA
10	15	pictographs.	3	NA
10	16	It	1	NA
10	17	has	1	NA
10	18	been	1	NA
10	19	found	1	NA
10	20	carved	1	NA
10	21	into	1	NA
10	22	many	1	them
10	23	oblong	2	them
10	24	wooden	1	them
10	25	tablets	1	them
10	26	and	1	NA
10	27	other	1	them.
10	28	artifacts	1	them.
10	29	from	1	them.
10	30	the	1	them.
10	31	island's	2	them.
10	32	history.	2	them.
10	33	The	1	It
10	34	art	1	It
10	35	of	1	It
10	36	writing	1	It
10	37	was	1	NA
10	38	not	1	NA
10	39	known	1	NA
10	40	in	1	NA
10	41	any	1	them
10	42	nearby	1	them
10	43	islands	1	them
10	44	and	1	NA
10	45	the	1	it
10	46	script's	2	it
10	47	mere	1	it
10	48	existence	1	it
10	49	is	1	NA
10	50	sufficient	1	NA
10	51	to	1	NA
10	52	confound	2	NA
10	53	anthropologists.	3	them.
11	0	Some	1	It
11	1	months	1	It
11	2	later,	2	NA
11	3	Michael	1	NA
11	4	Larson	1	NA
11	5	saw	1	NA
11	6	another	1	it.
11	7	opportunity	1	it.
11	8	to	1	it.
11	9	stack	1	it.
11	10	the	1	it.
11	11	odds	1	it.
11	12	in	1	it.
11	13	his	1	it.
11	14	favor	1	it.
11	15	with	1	it.
11	16	a	1	it.
11	17	dash	1	it.
11	18	of	1	it.
11	19	ingenuity.	2	it.
11	20	He	1	NA
11	21	walked	1	NA
11	22	into	1	NA
11	23	his	1	his
11	24	bank	1	his
11	25	one	1	it
11	26	day	1	it
11	27	and	1	NA
11	28	asked	1	NA
11	29	to	1	NA
11	30	withdraw	1	NA
11	31	his	1	NA
11	32	entire	1	NA
11	33	account	1	NA
11	34	balance,	2	NA
11	35	but	1	NA
11	36	with	1	NA
11	37	an	1	it:
11	38	unusual	1	it:
11	39	stipulation:	3	it:
11	40	He	1	NA
11	41	wanted	1	NA
11	42	as	1	NA
11	43	much	1	NA
11	44	of	1	NA
11	45	the	1	NA
11	46	cash	1	NA
11	47	as	1	NA
11	48	possible	1	NA
11	49	in	1	NA
11	50	one	1	them.
11	51	dollar	1	them.
11	52	notes.	2	them.
12	0	Bob	1	NA
12	1	Murphy,	2	NA
12	2	the	1	NA
12	3	Senior	1	NA
12	4	PGA	2	NA
12	5	Tour	1	NA
12	6	money	1	NA
12	7	leader	1	NA
12	8	with	1	NA
12	9	seven	1	NA
12	10	hundred	1	NA
12	11	thousand,	2	NA
12	12	says	1	NA
12	13	heat	1	NA
12	14	shouldn't	2	NA
12	15	be	1	NA
12	16	a	1	it.
12	17	factor.	2	it.
12	18	"I	2	NA
12	19	don't	2	NA
12	20	think	1	NA
12	21	you're	2	NA
12	22	going	1	NA
12	23	to	1	NA
12	24	have	1	NA
12	25	a	1	it,"
12	26	heat	1	it,"
12	27	wave	1	it,"
12	28	I'm	2	it,"
12	29	not	1	it,"
12	30	going	1	it,"
12	31	to	1	it,"
12	32	be	1	it,"
12	33	able	1	it,"
12	34	to	1	it,"
12	35	handle,"	2	it,"
12	36	he	1	NA
12	37	said.	2	NA
12	38	"Everybody	2	NA
12	39	treats	1	NA
12	40	it	1	NA
12	41	differently.	2	NA
12	42	My	1	My
12	43	son	1	My
12	44	Ronnie,	2	NA
12	45	his	1	him,
12	46	caddie,	4	him,
12	47	and	1	NA
12	48	I	1	NA
12	49	won't	2	NA
12	50	be	1	NA
12	51	riding	1	NA
12	52	carts.	2	them.
13	0	With	1	NA
13	1	schools	1	they
13	2	still	1	NA
13	3	closed,	2	NA
13	4	cars	1	they
13	5	still	1	NA
13	6	buried	1	NA
13	7	and	1	NA
13	8	streets	1	they
13	9	still	1	NA
13	10	blocked	1	NA
13	11	by	1	NA
13	12	the	1	it,
13	13	widespread	1	it,
13	14	weekend	1	it,
13	15	snowstorm,	3	it,
13	16	officials	1	NA
13	17	are	1	NA
13	18	asking	1	NA
13	19	people	1	them
13	20	to	1	NA
13	21	pick	1	NA
13	22	up	1	NA
13	23	a	1	it
13	24	shovel	1	it
13	25	and	1	NA
13	26	help	1	NA
13	27	out.	2	NA
13	28	In	1	NA
13	29	Boston,	2	it,
13	30	a	1	it
13	31	"snow	3	it
13	32	angel"	2	it
13	33	campaign	1	it
13	34	is	1	NA
13	35	using	1	NA
13	36	social	1	it
13	37	media	1	it
13	38	to	1	NA
13	39	encourage	1	NA
13	40	neighbors	1	them
13	41	and	1	NA
13	42	friends	1	NA
13	43	to	1	NA
13	44	be	1	NA
13	45	an	1	it
13	46	angel	1	it
13	47	and	1	NA
13	48	help	1	NA
13	49	dig	1	NA
13	50	out	1	NA
13	51	the	1	them.
13	52	stranded.	2	them.
14	0	Greg	1	NA
14	1	Anderson,	2	NA
14	2	considered	1	NA
14	3	a	1	himself,
14	4	key	1	himself,
14	5	witness	1	himself,
14	6	by	1	himself,
14	7	the	1	himself,
14	8	prosecution,	2	himself,
14	9	vowed	1	NA
14	10	he	1	NA
14	11	wouldn't	2	NA
14	12	testify	1	NA
14	13	when	1	NA
14	14	served	1	NA
14	15	a	1	it
14	16	subpoena	1	it
14	17	last	1	it.
14	18	week.	2	it.
14	19	His	1	His
14	20	lawyers	1	His
14	21	said	1	NA
14	22	he	1	NA
14	23	was	1	NA
14	24	prepared	1	NA
14	25	for	1	NA
14	26	a	1	it
14	27	third	1	it
14	28	prison	1	it
14	29	stay	1	it
14	30	to	1	NA
14	31	maintain	1	NA
14	32	his	1	his.
14	33	silence.	2	his.
14	34	Anderson	1	NA
14	35	was	1	NA
14	36	released	1	NA
14	37	July	1	it
14	38	20	1	it
14	39	after	1	NA
14	40	a	1	it
14	41	two-week	3	it
14	42	stay	1	it
14	43	for	1	NA
14	44	previously	1	NA
14	45	declining	1	NA
14	46	to	1	NA
14	47	testify	1	NA
14	48	before	1	NA
14	49	a	1	it.
14	50	different	1	it.
14	51	grand	1	it.
14	52	jury.	2	it.
15	0	Steam	1	NA
15	1	sterilization	2	NA
15	2	is	1	NA
15	3	limited	1	NA
15	4	in	1	NA
15	5	the	1	its,
15	6	types	1	its,
15	7	of	1	its,
15	8	medical	1	its,
15	9	waste	1	its,
15	10	it	1	its,
15	11	can	1	its,
15	12	treat,	2	its,
15	13	but	1	NA
15	14	is	1	NA
15	15	appropriate	1	NA
15	16	for	1	NA
15	17	laboratory	1	them
15	18	cultures	1	them
15	19	and	1	NA
15	20	substances	1	them.
15	21	contaminated	1	them.
15	22	with	1	them.
15	23	infectious	1	them.
15	24	organisms.	2	them.
15	25	The	1	It
15	26	waste	1	It
15	27	is	1	NA
15	28	subjected	1	NA
15	29	to	1	NA
15	30	steam	1	it
15	31	in	1	NA
15	32	a	1	it.
15	33	sealed,	2	it.
15	34	pressurized	2	it.
15	35	chamber.	2	it.
15	36	The	1	It
15	37	liquid	1	It
15	38	that	1	It
15	39	may	1	It
15	40	form	1	It
15	41	is	1	NA
15	42	drained	1	NA
15	43	off	1	NA
15	44	to	1	NA
15	45	the	1	it
15	46	sewer	1	it
15	47	or	1	NA
15	48	sent	1	NA
15	49	for	1	NA
15	50	processing.	2	it.
16	0	Owls	3	NA
16	1	are	1	NA
16	2	more	1	NA
16	3	flexible	1	NA
16	4	than	1	NA
16	5	humans	1	NA
16	6	because	1	NA
16	7	a	1	it
16	8	bird's	2	it
16	9	head	1	it
16	10	is	1	NA
16	11	only	1	NA
16	12	connected	1	NA
16	13	by	1	NA
16	14	one	1	it.
16	15	socket	1	it.
16	16	pivot.	2	it.
16	17	People	1	NA
16	18	have	1	NA
16	19	two,	2	NA
16	20	which	1	NA
16	21	limits	1	NA
16	22	our	1	it,
16	23	ability	1	it,
16	24	to	1	it,
16	25	twist,	2	it,
16	26	Forsman	2	NA
16	27	added.	2	NA
16	28	Owls	2	NA
16	29	also	1	NA
16	30	have	1	NA
16	31	multiple	1	NA
16	32	vertebrae,	4	NA
16	33	the	1	NA
16	34	small	1	NA
16	35	bones	1	NA
16	36	that	1	NA
16	37	make	1	NA
16	38	up	1	NA
16	39	the	1	NA
16	40	neck	1	NA
16	41	and	1	NA
16	42	spine,	2	NA
16	43	helping	1	NA
16	44	them	1	NA
16	45	achieve	1	NA
16	46	a	1	it.
16	47	wide	1	it.
16	48	range	1	it.
16	49	of	1	it.
16	50	motion.	2	it.
17	0	Even	1	NA
17	1	in	1	NA
17	2	the	1	it,
17	3	same	1	it,
17	4	animal,	2	it,
17	5	not	1	NA
17	6	all	1	they
17	7	bites	1	they
17	8	are	1	NA
17	9	the	1	NA
17	10	same.	2	NA
17	11	A	1	It
17	12	new	1	It
17	13	study	1	It
17	14	finds	1	NA
17	15	that	1	NA
17	16	because	1	NA
17	17	the	1	it
17	18	force	1	it
17	19	in	1	it
17	20	a	1	it
17	21	muscle	1	it
17	22	depends	1	NA
17	23	on	1	NA
17	24	how	1	NA
17	25	much	1	NA
17	26	it	1	NA
17	27	is	1	NA
17	28	stretched,	2	NA
17	29	an	1	NA
17	30	animal's	2	NA
17	31	bite	1	NA
17	32	force	1	NA
17	33	depends	1	NA
17	34	on	1	NA
17	35	the	1	NA
17	36	size	1	NA
17	37	of	1	NA
17	38	what	1	NA
17	39	it	1	NA
17	40	is	1	NA
17	41	biting.	2	NA
17	42	The	1	NA
17	43	finding	1	NA
17	44	has	1	NA
17	45	direct	1	them.
17	46	implications	1	them.
17	47	for	1	them.
17	48	ecology	1	them.
17	49	and	1	them.
17	50	evolution.	2	them.
18	0	Interestingly,	2	NA
18	1	the	1	they
18	2	heaviest	1	they
18	3	isotopes	2	they
18	4	physicists	1	they
18	5	have	1	they
18	6	managed	1	they
18	7	to	1	they
18	8	synthesize	2	they
18	9	so	1	they
18	10	far	1	they
18	11	don't	2	NA
18	12	behave	1	NA
18	13	quite	1	NA
18	14	like	1	NA
18	15	science's	2	they
18	16	best	1	they
18	17	current	1	they
18	18	models	1	they
18	19	predict,	2	NA
18	20	so	1	NA
18	21	stable	1	NA
18	22	superheavy	2	NA
18	23	nuclei	2	NA
18	24	are	1	NA
18	25	likely	1	NA
18	26	to	1	NA
18	27	be	1	NA
18	28	full	1	NA
18	29	of	1	NA
18	30	surprises.	2	them.
18	31	Chemists	2	NA
18	32	cannot	1	NA
18	33	even	1	NA
18	34	predict	1	NA
18	35	with	1	NA
18	36	any	1	it
18	37	certainty	1	it
18	38	whether	1	NA
18	39	these	1	NA
18	40	materials	1	NA
18	41	will	1	NA
18	42	exist	1	NA
18	43	as	1	NA
18	44	gases,	2	they,
18	45	liquids,	2	they,
18	46	or	1	NA
18	47	solids	2	they
18	48	at	1	NA
18	49	room	1	it.
18	50	temperature.	2	it.
19	0	Buck	2	NA
19	1	did	1	NA
19	2	not	1	NA
19	3	like	1	NA
19	4	it,	2	NA
19	5	but	1	NA
19	6	he	1	NA
19	7	bore	1	NA
19	8	up	1	NA
19	9	well	1	NA
19	10	to	1	NA
19	11	the	1	NA
19	12	work,	2	NA
19	13	taking	1	NA
19	14	pride	1	it.
19	15	in	1	it.
19	16	it.	2	it.
19	17	It	1	NA
19	18	was	1	NA
19	19	a	1	NA
19	20	monotonous	3	NA
19	21	life,	2	NA
19	22	operating	1	NA
19	23	with	1	NA
19	24	machine-like	3	its.
19	25	regularity.	3	its.
19	26	One	1	It
19	27	day	1	It
19	28	was	1	NA
19	29	very	1	NA
19	30	like	1	NA
19	31	another.	2	it.
19	32	At	1	NA
19	33	a	1	it
19	34	certain	1	it
19	35	time	1	it
19	36	each	1	it
19	37	morning	1	it
19	38	the	1	they
19	39	cooks	1	they
19	40	turned	1	NA
19	41	out,	2	NA
19	42	fires	1	they
19	43	were	1	NA
19	44	built,	2	NA
19	45	and	1	NA
19	46	breakfast	1	it
19	47	was	1	NA
19	48	eaten.	2	NA
20	0	These	1	They,
20	1	days,	2	They,
20	2	neuroscience	1	it
20	3	is	1	NA
20	4	beginning	1	NA
20	5	to	1	NA
20	6	catch	1	NA
20	7	up	1	NA
20	8	to	1	NA
20	9	musicians	1	them.
20	10	who	1	them.
20	11	practice	1	them.
20	12	mentally.	2	them.
20	13	Although	1	NA
20	14	the	1	they
20	15	details	1	they
20	16	are	1	NA
20	17	still	1	NA
20	18	somewhat	1	NA
20	19	elusive,	2	NA
20	20	the	1	it
20	21	key	1	it
20	22	to	1	it
20	23	the	1	it
20	24	success	1	it
20	25	of	1	it
20	26	mental	1	it
20	27	imagery	1	it
20	28	as	1	it
20	29	a	1	it
20	30	rehearsal	1	it
20	31	technique	1	it
20	32	is	1	NA
20	33	that	1	NA
20	34	most	1	NA
20	35	of	1	NA
20	36	the	1	them
20	37	same	1	them
20	38	neurological	1	them
20	39	regions	1	them
20	40	are	1	NA
20	41	invoked	1	NA
20	42	by	1	NA
20	43	mental	1	it
20	44	practice	1	it
20	45	as	1	NA
20	46	by	1	NA
20	47	real	1	it.
20	48	practice.	2	it.
21	0	Not	1	NA
21	1	only	1	NA
21	2	smoke	1	it
21	3	came	1	NA
21	4	out	1	NA
21	5	of	1	NA
21	6	it.	2	NA
21	7	There	1	NA
21	8	came	1	NA
21	9	also	1	NA
21	10	children's	2	they,
21	11	voices,	2	they,
21	12	for	1	NA
21	13	so	1	NA
21	14	safe	1	NA
21	15	did	1	NA
21	16	the	1	NA
21	17	boys	1	NA
21	18	feel	1	NA
21	19	in	1	NA
21	20	their	1	it
21	21	hiding-place	3	it
21	22	that	1	NA
21	23	they	1	NA
21	24	were	1	NA
21	25	gaily	2	NA
21	26	chattering.	3	NA
21	27	The	1	NA
21	28	pirates	1	NA
21	29	listened	1	NA
21	30	grimly,	3	NA
21	31	and	1	NA
21	32	then	1	NA
21	33	replaced	1	NA
21	34	the	1	it.
21	35	mushroom.	2	it.
21	36	They	1	NA
21	37	looked	1	NA
21	38	around	1	NA
21	39	them	1	NA
21	40	and	1	NA
21	41	noted	1	NA
21	42	the	1	them.
21	43	holes	1	them.
21	44	in	1	them.
21	45	the	1	them.
21	46	seven	1	them.
21	47	trees.	2	them.
22	0	When	1	NA
22	1	a	1	NA
22	2	nucleus	1	NA
22	3	has	1	NA
22	4	all	1	it
22	5	of	1	it
22	6	its	1	it
22	7	proton	2	it
22	8	shells	1	it
22	9	or	1	it
22	10	neutron	1	it
22	11	shells	1	it
22	12	loaded	1	NA
22	13	to	1	NA
22	14	full	1	NA
22	15	capacity,	2	NA
22	16	the	1	NA
22	17	layers	1	NA
22	18	can	1	NA
22	19	align	1	NA
22	20	so	1	NA
22	21	well	1	NA
22	22	that	1	NA
22	23	each	1	NA
22	24	shell	1	NA
22	25	can	1	NA
22	26	spoon	1	NA
22	27	intimately	1	NA
22	28	with	1	NA
22	29	its	1	them,
22	30	attractive	1	them,
22	31	neighbors,	2	them,
22	32	forming	1	NA
22	33	a	1	it.
22	34	more	1	it.
22	35	compact	1	it.
22	36	sphere	1	it.
22	37	that	1	it.
22	38	fits	1	it.
22	39	well	1	it.
22	40	within	1	it.
22	41	the	1	it.
22	42	strong	1	it.
22	43	nuclear	1	it.
22	44	force's	2	it.
22	45	area	1	it.
22	46	of	1	it.
22	47	influence.	2	it.
23	0	Hybrid	2	NA
23	1	vehicles	1	NA
23	2	have	1	NA
23	3	a	1	their.
23	4	halo	2	their.
23	5	that	1	their.
23	6	makes	1	their.
23	7	owners	1	their.
23	8	feel	1	their.
23	9	righteous	1	their.
23	10	and	1	their.
23	11	their	1	their.
23	12	neighbors	1	their.
23	13	feel	1	their.
23	14	guilty	1	their.
23	15	for	1	their.
23	16	not	1	their.
23	17	doing	1	their.
23	18	as	1	their.
23	19	much	1	their.
23	20	to	1	their.
23	21	save	1	their.
23	22	the	1	their.
23	23	planet.	2	their.
23	24	They	1	NA
23	25	also	1	NA
23	26	cost	1	NA
23	27	more	1	NA
23	28	and	1	NA
23	29	a	1	it
23	30	new	1	it
23	31	report	1	it
23	32	from	1	it
23	33	the	1	it
23	34	very	1	it
23	35	green	1	it
23	36	Union	1	it
23	37	of	1	it
23	38	Concerned	2	it
23	39	Scientists	1	it
23	40	says	1	NA
23	41	buyers	1	NA
23	42	aren't	2	NA
23	43	always	1	NA
23	44	getting	1	NA
23	45	their	1	their
23	46	money's	2	their
23	47	worth.	2	NA
24	0	The	1	NA
24	1	girl's	2	NA
24	2	feet	1	NA
24	3	were	1	NA
24	4	then	1	NA
24	5	re-wrapped	4	NA
24	6	even	1	NA
24	7	tighter	1	NA
24	8	than	1	NA
24	9	before,	2	NA
24	10	causing	1	NA
24	11	her	1	it
24	12	footprint	1	it
24	13	to	1	NA
24	14	shrink	1	NA
24	15	further	1	NA
24	16	as	1	NA
24	17	the	1	NA
24	18	bones	1	NA
24	19	slowly	1	NA
24	20	fused	1	NA
24	21	into	1	NA
24	22	their	1	its.
24	23	new	1	its.
24	24	configuration.	2	its.
24	25	Occasionally	1	NA
24	26	girls'	2	NA
24	27	feet	1	NA
24	28	would	1	NA
24	29	fester,	3	NA
24	30	and	1	NA
24	31	blood	1	it
24	32	poisoning	1	it
24	33	from	1	it
24	34	gangrene	2	it
24	35	could	1	NA
24	36	be	1	NA
24	37	a	1	it,
24	38	cause	1	it,
24	39	for	1	it,
24	40	concern,	2	it,
24	41	but	1	NA
24	42	an	1	they%
24	43	estimated	1	they%
24	44	90%	2	they%
24	45	survived	1	NA
24	46	the	1	NA
24	47	process.	2	NA
25	0	An	1	It
25	1	early	1	It
25	2	task	1	It
25	3	will	1	NA
25	4	be	1	NA
25	5	to	1	NA
25	6	make	1	NA
25	7	sure	1	NA
25	8	the	1	they
25	9	newfound	1	they
25	10	microbes	1	they
25	11	were	1	NA
25	12	not	1	NA
25	13	introduced	1	NA
25	14	while	1	NA
25	15	drilling	1	NA
25	16	through	1	NA
25	17	the	1	it
25	18	ice	1	it
25	19	into	1	NA
25	20	the	1	it,
25	21	lake,	2	it,
25	22	which	1	NA
25	23	involved	1	NA
25	24	a	1	it
25	25	hot-water	3	it
25	26	drilling	1	it
25	27	technique	1	it
25	28	designed	1	NA
25	29	to	1	NA
25	30	greatly	1	NA
25	31	reduce	1	NA
25	32	or	1	NA
25	33	eliminate	1	NA
25	34	any	1	it,
25	35	contamination	1	it,
25	36	that	1	it,
25	37	might	1	it,
25	38	come	1	it,
25	39	from	1	it,
25	40	other	1	it,
25	41	kerosene-based	5	it,
25	42	drilling	1	it,
25	43	technology,	2	it,
25	44	Christner	2	NA
25	45	said.	2	NA
26	0	Very	1	NA
26	1	similar,	2	NA
26	2	but	1	NA
26	3	even	1	NA
26	4	more	1	NA
26	5	striking,	2	NA
26	6	is	1	NA
26	7	the	1	it.
26	8	evidence	1	it.
26	9	from	1	it.
26	10	athletic	1	it.
26	11	training.	2	it.
26	12	As	1	NA
26	13	with	1	NA
26	14	rehearsing	2	NA
26	15	a	1	it
26	16	piece	1	it
26	17	on	1	NA
26	18	the	1	it,
26	19	piano,	2	it,
26	20	practicing	1	NA
26	21	a	1	NA
26	22	complex	1	NA
26	23	physical	1	NA
26	24	task	1	NA
26	25	in	1	NA
26	26	the	1	NA
26	27	mind	1	NA
26	28	alone	1	NA
26	29	is	1	NA
26	30	nearly	1	it
26	31	as	1	it
26	32	effective	1	it
26	33	a	1	it
26	34	learning	1	it
26	35	strategy	1	it
26	36	as	1	NA
26	37	actually	1	NA
26	38	physically	1	NA
26	39	doing	1	NA
26	40	it.	2	NA
26	41	But	1	NA
26	42	it	1	NA
26	43	doesnÕt	4	NA
26	44	stop	1	NA
26	45	there.	2	NA
27	0	A	1	It
27	1	bill	1	It
27	2	was	1	NA
27	3	drafted	1	NA
27	4	and	1	NA
27	5	introduced	1	NA
27	6	into	1	NA
27	7	Parliament	1	its
27	8	several	1	it
27	9	times	1	it
27	10	but	1	NA
27	11	met	1	NA
27	12	with	1	NA
27	13	great	1	it,
27	14	opposition,	2	it,
27	15	mostly	1	NA
27	16	from	1	NA
27	17	farmers.	2	them.
27	18	Eventually,	2	NA
27	19	in	1	NA
27	20	1925,	2	it,
27	21	it	1	NA
27	22	was	1	NA
27	23	decided	1	NA
27	24	that	1	NA
27	25	summer	1	it
27	26	time	1	it
27	27	should	1	NA
27	28	begin	1	NA
27	29	on	1	NA
27	30	the	1	it
27	31	day	1	it
27	32	following	1	it
27	33	the	1	it
27	34	third	1	it
27	35	Saturday	1	it
27	36	in	1	it
27	37	April	1	it
27	38	and	1	NA
27	39	close	1	NA
27	40	after	1	NA
27	41	the	1	it.
27	42	first	1	it.
27	43	Saturday	1	it.
27	44	in	1	it.
27	45	October.	2	it.
28	0	When	1	NA
28	1	early	1	they
28	2	Europeans	1	they
28	3	discovered	1	NA
28	4	Easter	1	NA
28	5	Island,	2	NA
28	6	its	1	it
28	7	somewhat	1	it
28	8	isolated	1	it
28	9	ecosystem	1	it
28	10	was	1	NA
28	11	suffering	1	NA
28	12	from	1	NA
28	13	the	1	them.
28	14	effects	1	them.
28	15	of	1	them.
28	16	limited	1	them.
28	17	natural	1	them.
28	18	resources,	2	them.
28	19	deforestation,	2	them.
28	20	and	1	them.
28	21	overpopulation.	3	them.
28	22	Over	1	NA
28	23	the	1	they
28	24	following	1	they
28	25	years	1	they
28	26	the	1	it
28	27	island's	2	it
28	28	population	1	it
28	29	of	1	it
28	30	four	1	it
28	31	thousand	1	it
28	32	or	1	it
28	33	so	1	it
28	34	was	1	NA
28	35	slowly	1	NA
28	36	eroded	1	NA
28	37	by	1	NA
28	38	Western	1	it
28	39	disease	1	it
28	40	and	1	NA
28	41	deportation	1	it.
28	42	by	1	it.
28	43	slave	1	it.
28	44	traders.	2	it.
29	0	Binge	2	NA
29	1	drinking	1	NA
29	2	may	1	NA
29	3	not	1	NA
29	4	necessarily	1	NA
29	5	kill	1	NA
29	6	or	1	NA
29	7	even	1	NA
29	8	damage	1	NA
29	9	brain	1	them,
29	10	cells,	2	them,
29	11	as	1	NA
29	12	commonly	1	NA
29	13	thought,	2	NA
29	14	a	1	it
29	15	new	1	it
29	16	animal	1	it
29	17	study	1	it
29	18	suggests.	2	NA
29	19	But	1	NA
29	20	it	1	NA
29	21	can	1	NA
29	22	block	1	NA
29	23	key	1	them
29	24	receptors	1	them
29	25	in	1	them
29	26	the	1	them
29	27	brain	1	them
29	28	and	1	NA
29	29	trigger	1	NA
29	30	production	1	it.
29	31	of	1	it.
29	32	a	1	it.
29	33	steroid	1	it.
29	34	that	1	it.
29	35	interferes	3	it.
29	36	with	1	it.
29	37	brain	1	it.
29	38	functions	1	it.
29	39	critical	1	it.
29	40	to	1	it.
29	41	learning	1	it.
29	42	and	1	it.
29	43	memory.	2	it.
30	0	When	1	NA
30	1	preparing	1	NA
30	2	to	1	NA
30	3	check	1	NA
30	4	out	1	NA
30	5	of	1	NA
30	6	their	1	their,
30	7	hotel	1	their,
30	8	room,	2	their,
30	9	some	1	they.
30	10	frequent	1	they.
30	11	travelers	1	they.
30	12	pile	1	they.
30	13	up	1	they.
30	14	their	1	they.
30	15	used	1	they.
30	16	bath	1	they.
30	17	towels	1	they.
30	18	on	1	they.
30	19	the	1	they.
30	20	bathroom	1	they.
30	21	floor,	2	they.
30	22	which	1	they.
30	23	would	1	they.
30	24	make	1	they.
30	25	them	1	they.
30	26	easy	1	they.
30	27	for	1	they.
30	28	housekeepers	2	they.
30	29	to	1	they.
30	30	spot.	2	they.
30	31	Other	1	They
30	32	travelers	1	They
30	33	neatly	1	NA
30	34	fold	1	NA
30	35	them,	2	NA
30	36	or	1	NA
30	37	hang	1	NA
30	38	them	1	NA
30	39	from	1	NA
30	40	the	1	it.
30	41	shower	1	it.
30	42	curtain	1	it.
30	43	pole.	2	it.
31	0	In	1	NA
31	1	no	1	its,
31	2	celestial	1	its,
31	3	hurry,	2	its,
31	4	Neptune	1	NA
31	5	has	1	NA
31	6	just	1	NA
31	7	completed	1	NA
31	8	its	1	its
31	9	first	1	its
31	10	orbit	1	its
31	11	around	1	its
31	12	the	1	its
31	13	sun	1	its
31	14	since	1	NA
31	15	being	1	NA
31	16	discovered	1	NA
31	17	165	1	it
31	18	years	1	it
31	19	ago	1	NA
31	20	by	1	NA
31	21	Earthlings.	3	them.
31	22	As	1	NA
31	23	Space.com	3	it
31	24	notes,	2	NA
31	25	the	1	NA
31	26	big	1	NA
31	27	blue-green	3	NA
31	28	gas	1	NA
31	29	bag	1	NA
31	30	is	1	NA
31	31	the	1	NA
31	32	only	1	NA
31	33	planet	1	NA
31	34	in	1	NA
31	35	our	1	NA
31	36	solar	1	NA
31	37	system	1	NA
31	38	to	1	NA
31	39	be	1	NA
31	40	discovered	1	NA
31	41	by	1	NA
31	42	mathematics.	2	NA
32	0	When	1	NA
32	1	attacked,	2	NA
32	2	a	1	NA
32	3	skunk's	3	NA
32	4	natural	1	NA
32	5	inclination	1	NA
32	6	is	1	NA
32	7	to	1	NA
32	8	turn	1	NA
32	9	around,	2	NA
32	10	lick	1	NA
32	11	its	1	its
32	12	tail	1	its
32	13	and	1	NA
32	14	spray	1	NA
32	15	a	1	it.
32	16	noxious	2	it.
32	17	scent.	2	it.
32	18	That	1	NA
32	19	works	1	NA
32	20	when	1	NA
32	21	a	1	NA
32	22	skunk	2	NA
32	23	faces	1	NA
32	24	a	1	it
32	25	natural	1	it
32	26	predator	1	it
32	27	in	1	NA
32	28	the	1	it,
32	29	wild,	2	it,
32	30	but	1	NA
32	31	it's	2	NA
32	32	not	1	NA
32	33	as	1	NA
32	34	helpful	1	NA
32	35	when	1	NA
32	36	faced	1	NA
32	37	with,	2	NA
32	38	let's	2	NA
32	39	say,	2	NA
32	40	an	1	it.
32	41	oncoming	2	it.
32	42	car.	2	it.
33	0	Lady	1	NA
33	1	Gaga's	2	NA
33	2	YouTube	1	NA
33	3	account	1	NA
33	4	was	1	NA
33	5	suspended	1	NA
33	6	Thursday.	2	NA
33	7	The	1	Them
33	8	notice	1	Them
33	9	read	1	NA
33	10	that	1	NA
33	11	the	1	NA
33	12	suspension	1	NA
33	13	was	1	NA
33	14	due	1	NA
33	15	to	1	NA
33	16	"multiple	2	"they."
33	17	or	1	"they."
33	18	severe	1	"they."
33	19	violations	1	"they."
33	20	of	1	"they."
33	21	YouTube's	2	"they."
33	22	copyright	1	"they."
33	23	policy."	2	"they."
33	24	The	1	NA
33	25	Google	1	NA
33	26	Inc.-owned	3	NA
33	27	YouTube	1	NA
33	28	declined	1	NA
33	29	to	1	NA
33	30	comment.	2	NA
33	31	It's	2	NA
33	32	YouTube	1	NA
33	33	policy	1	NA
33	34	to	1	NA
33	35	remove	1	NA
33	36	accounts	1	them
33	37	after	1	NA
33	38	three	1	they.
33	39	copyright	1	they.
33	40	violations.	2	they.
34	0	The	1	NA
34	1	astronauts	1	NA
34	2	used	1	NA
34	3	a	1	it
34	4	hefty	1	it
34	5	robotic	1	it
34	6	arm	1	it
34	7	to	1	NA
34	8	move	1	NA
34	9	the	1	NA
34	10	bus-size	3	NA
34	11	canister,	3	NA
34	12	stuffed	1	NA
34	13	with	1	NA
34	14	nearly	1	NA
34	15	three	1	NA
34	16	tons	1	NA
34	17	of	1	NA
34	18	packing	1	NA
34	19	foam	1	NA
34	20	and	1	NA
34	21	other	1	NA
34	22	space	1	NA
34	23	station	1	NA
34	24	refuse.	2	NA
34	25	It	1	NA
34	26	was	1	NA
34	27	the	1	NA
34	28	last	1	NA
34	29	job	1	NA
34	30	shared	1	NA
34	31	by	1	NA
34	32	the	1	NA
34	33	shuttle	1	NA
34	34	and	1	NA
34	35	station	1	NA
34	36	crews,	2	NA
34	37	numbering	1	NA
34	38	ten	1	NA
34	39	astronauts	1	NA
34	40	altogether.	2	NA
35	0	Rich	1	NA
35	1	investors	1	NA
35	2	with	1	NA
35	3	no	1	NA
35	4	ties	1	NA
35	5	to	1	NA
35	6	farming,	2	NA
35	7	no	1	they,
35	8	dirt	1	they,
35	9	under	1	they,
35	10	their	1	they,
35	11	nails,	2	they,
35	12	are	1	NA
35	13	confident	1	NA
35	14	enough	1	NA
35	15	to	1	NA
35	16	wager	2	NA
35	17	big	1	NA
35	18	on	1	NA
35	19	a	1	NA
35	20	patch	1	NA
35	21	of	1	NA
35	22	earth	1	NA
35	23	Ñ	2	NA
35	24	betting	1	NA
35	25	that	1	NA
35	26	it's	2	NA
35	27	a	1	it
35	28	smart	1	it
35	29	investment	1	it
35	30	because	1	NA
35	31	food	1	it
35	32	will	1	NA
35	33	only	1	NA
35	34	get	1	NA
35	35	more	1	NA
35	36	expensive	1	NA
35	37	around	1	NA
35	38	the	1	it.
35	39	world.	2	it.
36	0	John	1	NA
36	1	Thornton	1	NA
36	2	asked	1	NA
36	3	little	1	NA
36	4	of	1	NA
36	5	man	1	him
36	6	or	1	NA
36	7	nature.	2	it.
36	8	He	1	NA
36	9	was	1	NA
36	10	unafraid	3	NA
36	11	of	1	NA
36	12	the	1	NA
36	13	wild.	2	NA
36	14	With	1	NA
36	15	a	1	NA
36	16	handful	1	NA
36	17	of	1	NA
36	18	salt	1	NA
36	19	and	1	NA
36	20	a	1	NA
36	21	rifle	1	NA
36	22	he	1	NA
36	23	could	1	NA
36	24	plunge	1	NA
36	25	into	1	NA
36	26	the	1	NA
36	27	wilderness	1	NA
36	28	and	1	NA
36	29	fare	1	NA
36	30	wherever	1	NA
36	31	he	1	NA
36	32	pleased	1	NA
36	33	and	1	NA
36	34	as	1	NA
36	35	long	1	NA
36	36	as	1	NA
36	37	he	1	NA
36	38	pleased.	2	NA
37	0	All	1	NA
37	1	that	1	NA
37	2	the	1	it
37	3	brain	1	it
37	4	has	1	NA
37	5	to	1	NA
37	6	work	1	NA
37	7	with	1	NA
37	8	are	1	NA
37	9	imperfect	1	NA
37	10	incoming	1	NA
37	11	electrical	1	NA
37	12	impulses	1	NA
37	13	announcing	1	NA
37	14	that	1	NA
37	15	things	1	NA
37	16	are	1	NA
37	17	happening.	2	NA
37	18	It	1	NA
37	19	is	1	NA
37	20	then	1	NA
37	21	the	1	their
37	22	job	1	their
37	23	of	1	their
37	24	neurons	1	their
37	25	to	1	NA
37	26	rapidly	1	NA
37	27	interpret	1	NA
37	28	these	1	NA
37	29	signals	1	NA
37	30	as	1	NA
37	31	well	1	NA
37	32	as	1	NA
37	33	they	1	NA
37	34	can,	2	NA
37	35	and	1	NA
37	36	suggest	1	NA
37	37	how	1	NA
37	38	to	1	NA
37	39	react.	2	NA
38	0	That's	2	NA
38	1	because	1	NA
38	2	when	1	NA
38	3	immigrants	1	NA
38	4	from	1	NA
38	5	a	1	NA
38	6	particular	1	NA
38	7	cultural	1	NA
38	8	group	1	NA
38	9	move	1	NA
38	10	into	1	NA
38	11	a	1	NA
38	12	new	1	NA
38	13	one,	2	NA
38	14	they	1	NA
38	15	bring	1	NA
38	16	genetic	1	it.
38	17	diversity	1	it.
38	18	that,	2	it.
38	19	if	1	it.
38	20	the	1	it.
38	21	immigrants	1	it.
38	22	have	1	it.
38	23	children,	2	it.
38	24	get	1	it.
38	25	mixed	1	it.
38	26	around,	2	it.
38	27	changing	1	it.
38	28	the	1	it.
38	29	new	1	it.
38	30	population's	2	it.
38	31	gene	1	it.
38	32	pool.	2	it.
38	33	But	1	NA
38	34	the	1	it
38	35	new	1	it
38	36	population's	2	it
38	37	culture	1	it
38	38	doesn't	2	NA
38	39	necessarily	1	NA
38	40	change.	2	NA
39	0	Police	1	NA
39	1	in	1	NA
39	2	Georgia	1	NA
39	3	have	1	NA
39	4	shut	1	NA
39	5	down	1	NA
39	6	a	1	it,
39	7	lemonade	2	it,
39	8	stand	1	it,
39	9	run	1	it,
39	10	by	1	it,
39	11	three	1	it,
39	12	girls	1	it,
39	13	trying	1	it,
39	14	to	1	it,
39	15	save	1	it,
39	16	up	1	it,
39	17	for	1	it,
39	18	a	1	it,
39	19	trip	1	it,
39	20	to	1	it,
39	21	a	1	it,
39	22	water	1	it,
39	23	park,	2	it,
39	24	saying	1	NA
39	25	they	1	NA
39	26	didn't	2	NA
39	27	have	1	NA
39	28	a	1	NA
39	29	business	1	NA
39	30	license	1	NA
39	31	or	1	NA
39	32	the	1	NA
39	33	required	1	NA
39	34	permits.	2	NA
39	35	Morningstar	2	NA
39	36	says	1	NA
39	37	police	1	NA
39	38	also	1	NA
39	39	didn't	2	NA
39	40	know	1	NA
39	41	how	1	NA
39	42	the	1	NA
39	43	lemonade	2	NA
39	44	was	1	NA
39	45	made.	2	NA
40	0	Research	1	It
40	1	showing	1	It
40	2	that	1	It
40	3	a	1	It
40	4	tiny	1	It
40	5	European	1	It
40	6	river	1	It
40	7	bug	1	It
40	8	called	1	It
40	9	the	1	It
40	10	water	1	It
40	11	boatman	2	It
40	12	may	1	It
40	13	be	1	It
40	14	the	1	It
40	15	loudest	2	It
40	16	animal	1	It
40	17	on	1	It
40	18	earth	1	It
40	19	for	1	It
40	20	its	1	It
40	21	size	1	It
40	22	has	1	NA
40	23	some	1	its.
40	24	interesting	1	its.
40	25	sidebars.	3	its.
40	26	The	1	NA
40	27	insect	1	NA
40	28	is	1	NA
40	29	just	1	NA
40	30	two	1	NA
40	31	millimeters	2	NA
40	32	long	1	NA
40	33	and	1	NA
40	34	yet	1	NA
40	35	produces	1	NA
40	36	an	1	it.
40	37	underwater	1	it.
40	38	call	1	it.
40	39	that	1	it.
40	40	has	1	it.
40	41	been	1	it.
40	42	measured	1	it.
40	43	at	1	it.
40	44	99.2	3	it.
40	45	decibels.	4	it.
41	0	There	1	NA
41	1	often	1	NA
41	2	seems	1	NA
41	3	to	1	NA
41	4	be	1	NA
41	5	more	1	NA
41	6	diving	1	it
41	7	in	1	NA
41	8	soccer	1	it
41	9	than	1	NA
41	10	in	1	NA
41	11	the	1	it.
41	12	Summer	1	it.
41	13	Olympics.	2	it.
41	14	Phantom	1	It,
41	15	contact,	2	It,
41	16	or	1	NA
41	17	the	1	it,
41	18	slightest	1	it,
41	19	collision,	2	it,
41	20	can	1	NA
41	21	lead	1	NA
41	22	to	1	NA
41	23	theatrical	1	them
41	24	belly	1	them
41	25	flops	2	them
41	26	and	1	NA
41	27	exaggerated	1	them.
41	28	somersaults	3	them.
41	29	by	1	them.
41	30	players	1	them.
41	31	deceptively	3	them.
41	32	trying	1	them.
41	33	to	1	them.
41	34	draw	1	them.
41	35	fouls	2	them.
41	36	on	1	them.
41	37	their	1	them.
41	38	opponents,	2	them.
41	39	kill	1	them.
41	40	time	1	them.
41	41	or	1	them.
41	42	catch	1	them.
41	43	a	1	them.
41	44	breather	2	them.
41	45	when	1	them.
41	46	tired.	2	them.
42	0	Proper	2	It
42	1	ventilation	1	It
42	2	will	1	NA
42	3	make	1	NA
42	4	a	1	it
42	5	backdraft	2	it
42	6	less	1	NA
42	7	likely.	2	NA
42	8	Opening	1	NA
42	9	a	1	it
42	10	room	1	it
42	11	or	1	it
42	12	building	1	it
42	13	at	1	NA
42	14	the	1	its
42	15	highest	1	its
42	16	point	1	its
42	17	allows	1	NA
42	18	heated	1	they
42	19	gases	1	they
42	20	and	1	NA
42	21	smoke	1	it
42	22	to	1	NA
42	23	be	1	NA
42	24	released	1	NA
42	25	gradually.	2	NA
42	26	However,	2	NA
42	27	suddenly	1	NA
42	28	breaking	1	NA
42	29	a	1	NA
42	30	window	1	NA
42	31	or	1	NA
42	32	opening	1	NA
42	33	a	1	NA
42	34	door	1	NA
42	35	is	1	NA
42	36	a	1	NA
42	37	mistake,	2	NA
42	38	because	1	NA
42	39	it	1	NA
42	40	allows	1	NA
42	41	oxygen	1	it
42	42	to	1	NA
42	43	rush	1	NA
42	44	in,	2	NA
42	45	causing	1	NA
42	46	an	1	it.
42	47	explosion.	2	it.
43	0	The	1	It
43	1	first	1	It
43	2	step	1	It
43	3	to	1	It
43	4	be	1	It
43	5	taken	1	It
43	6	in	1	It
43	7	studying	1	It
43	8	the	1	It
43	9	history	1	It
43	10	of	1	It
43	11	our	1	It
43	12	country	1	It
43	13	is	1	NA
43	14	to	1	NA
43	15	form	1	NA
43	16	some	1	it.
43	17	clear	1	it.
43	18	and	1	it.
43	19	proper	1	it.
43	20	conception	1	it.
43	21	of	1	it.
43	22	the	1	it.
43	23	characteristics	1	it.
43	24	and	1	it.
43	25	condition	1	it.
43	26	of	1	it.
43	27	the	1	it.
43	28	territory	1	it.
43	29	which	1	it.
43	30	is	1	it.
43	31	now	1	it.
43	32	occupied	1	it.
43	33	by	1	it.
43	34	the	1	it.
43	35	American	1	it.
43	36	people,	2	it.
43	37	as	1	it.
43	38	it	1	it.
43	39	existed	1	it.
43	40	when	1	it.
43	41	first	1	it.
43	42	discovered	1	it.
43	43	and	1	it.
43	44	explored	1	it.
43	45	by	1	it.
43	46	Europeans.	2	it.
44	0	Susan	1	NA
44	1	B.	2	NA
44	2	Anthony	1	NA
44	3	spent	1	NA
44	4	nearly	1	herself
44	5	sixty	1	herself
44	6	years	1	herself
44	7	of	1	herself
44	8	her	1	herself
44	9	life	1	herself
44	10	devoted	1	NA
44	11	to	1	NA
44	12	the	1	it.
44	13	cause	1	it.
44	14	of	1	it.
44	15	social	1	it.
44	16	justice	1	it.
44	17	and	1	it.
44	18	equality	1	it.
44	19	for	1	it.
44	20	all.	2	it.
44	21	Her	1	They
44	22	major	1	They
44	23	contributions	1	They
44	24	were	1	NA
44	25	focused	1	NA
44	26	on	1	NA
44	27	womenÕs	4	them.
44	28	rights.	2	them.
44	29	Her	1	It
44	30	primary	1	It
44	31	achievement	1	It
44	32	lay	1	NA
44	33	in	1	NA
44	34	her	1	it.
44	35	inspiration	1	it.
44	36	and	1	it.
44	37	influence	1	it.
44	38	of	1	it.
44	39	thousands	1	it.
44	40	of	1	it.
44	41	people	1	it.
44	42	promoting	1	it.
44	43	the	1	it.
44	44	right	1	it.
44	45	of	1	it.
44	46	women	1	it.
44	47	to	1	it.
44	48	vote.	2	it.
45	0	As	1	NA
45	1	Earth	1	NA
45	2	warms	2	NA
45	3	due	1	NA
45	4	to	1	NA
45	5	the	1	it,
45	6	human-caused	4	it,
45	7	release	1	it,
45	8	of	1	it,
45	9	heat-trapping	4	it,
45	10	gases	1	it,
45	11	into	1	it,
45	12	the	1	it,
45	13	atmosphere,	2	it,
45	14	frozen	1	NA
45	15	Arctic	1	NA
45	16	soils	1	NA
45	17	also	1	NA
45	18	warm,	2	NA
45	19	thaw	2	NA
45	20	and	1	NA
45	21	release	1	NA
45	22	more	1	NA
45	23	carbon	1	NA
45	24	dioxide.	2	NA
45	25	The	1	NA
45	26	added	1	NA
45	27	carbon	1	NA
45	28	dioxide	1	NA
45	29	accelerates	2	NA
45	30	Earth's	2	it,
45	31	warming,	2	it,
45	32	which	1	NA
45	33	further	1	NA
45	34	accelerates	2	NA
45	35	the	1	it
45	36	thawing	3	it
45	37	of	1	it
45	38	Arctic	1	it
45	39	soils	1	it
45	40	and	1	NA
45	41	the	1	NA
45	42	release	1	NA
45	43	of	1	NA
45	44	even	1	NA
45	45	more	1	NA
45	46	carbon	1	NA
45	47	dioxide.	2	NA
46	0	Unfortunately,	2	NA
46	1	for	1	NA
46	2	every	1	us,
46	3	six	1	us,
46	4	water	1	us,
46	5	bottles	1	us,
46	6	we	1	us,
46	7	use,	2	us,
46	8	only	1	it
46	9	one	1	it
46	10	makes	1	NA
46	11	it	1	NA
46	12	to	1	NA
46	13	the	1	it.
46	14	recycling	1	it.
46	15	bin.	2	it.
46	16	The	1	NA
46	17	rest	1	NA
46	18	are	1	NA
46	19	sent	1	NA
46	20	to	1	NA
46	21	landfills	3	them
46	22	or,	2	NA
46	23	even	1	NA
46	24	worse,	2	NA
46	25	they	1	NA
46	26	end	1	NA
46	27	up	1	NA
46	28	as	1	NA
46	29	trash	1	it
46	30	on	1	NA
46	31	the	1	it
46	32	land	1	it
46	33	and	1	NA
46	34	in	1	NA
46	35	rivers,	2	them,
46	36	lakes,	2	them,
46	37	and	1	NA
46	38	the	1	it.
46	39	ocean.	2	it.
46	40	Plastic	1	They
46	41	bottles	1	They
46	42	take	1	NA
46	43	many	1	them
46	44	hundreds	1	them
46	45	of	1	them
46	46	years	1	them
46	47	to	1	NA
46	48	disintegrate.	3	NA
47	0	As	1	NA
47	1	in	1	NA
47	2	the	1	NA
47	3	United	1	NA
47	4	States,	2	NA
47	5	Colombian	1	it
47	6	legislation	1	it
47	7	requires	1	NA
47	8	travelers	1	them
47	9	entering	1	them
47	10	the	1	them
47	11	country	1	them
47	12	to	1	NA
47	13	declare	1	NA
47	14	cash	1	it.
47	15	in	1	it.
47	16	excess	1	it.
47	17	of	1	it.
47	18	ten	1	it.
47	19	thousand	1	it.
47	20	dollars.	2	it.
47	21	Concealing	2	NA
47	22	more	1	NA
47	23	than	1	NA
47	24	that	1	NA
47	25	amount	1	NA
47	26	to	1	NA
47	27	transport	1	NA
47	28	it	1	NA
47	29	into	1	NA
47	30	or	1	NA
47	31	out	1	NA
47	32	of	1	NA
47	33	the	1	NA
47	34	country	1	NA
47	35	is	1	NA
47	36	a	1	it.
47	37	crime	1	it.
47	38	punishable	1	it.
47	39	by	1	it.
47	40	up	1	it.
47	41	to	1	it.
47	42	five	1	it.
47	43	years	1	it.
47	44	in	1	it.
47	45	prison	1	it.
47	46	in	1	it.
47	47	the	1	it.
47	48	United	1	it.
47	49	States.	2	it.
48	0	For	1	NA
48	1	centuries,	2	them,
48	2	time	1	it
48	3	was	1	NA
48	4	measured	1	NA
48	5	by	1	NA
48	6	the	1	it
48	7	position	1	it
48	8	of	1	it
48	9	the	1	it
48	10	sun	1	it
48	11	with	1	NA
48	12	the	1	them.
48	13	use	1	them.
48	14	of	1	them.
48	15	sundials.	3	them.
48	16	Noon	1	It
48	17	was	1	NA
48	18	recognized	1	NA
48	19	when	1	NA
48	20	the	1	NA
48	21	sun	1	NA
48	22	was	1	NA
48	23	the	1	NA
48	24	highest	1	NA
48	25	in	1	NA
48	26	the	1	it,
48	27	sky,	2	it,
48	28	and	1	NA
48	29	cities	1	NA
48	30	would	1	NA
48	31	set	1	NA
48	32	their	1	them
48	33	clock	1	them
48	34	by	1	NA
48	35	this	1	it,
48	36	apparent	1	it,
48	37	solar	1	it,
48	38	time,	2	it,
48	39	even	1	NA
48	40	though	1	NA
48	41	some	1	they
48	42	cities	1	they
48	43	would	1	NA
48	44	often	1	NA
48	45	be	1	NA
48	46	on	1	NA
48	47	a	1	it.
48	48	slightly	1	it.
48	49	different	1	it.
48	50	time.	2	it.
49	0	When	1	NA
49	1	the	1	NA
49	2	new	1	NA
49	3	world	1	NA
49	4	was	1	NA
49	5	first	1	NA
49	6	discovered	1	NA
49	7	it	1	NA
49	8	was	1	NA
49	9	found	1	NA
49	10	to	1	NA
49	11	be,	2	NA
49	12	like	1	NA
49	13	the	1	NA
49	14	old,	2	NA
49	15	well	1	NA
49	16	stocked	1	NA
49	17	with	1	NA
49	18	plants	1	NA
49	19	and	1	NA
49	20	animals,	2	NA
49	21	and	1	NA
49	22	inhabited	1	NA
49	23	by	1	NA
49	24	a	1	them;
49	25	great	1	them;
49	26	many	1	them;
49	27	tribes	1	them;
49	28	and	1	them;
49	29	nations	1	them;
49	30	of	1	them;
49	31	men;	2	them;
49	32	and	1	NA
49	33	yet	1	NA
49	34	the	1	NA
49	35	plants	1	they
49	36	and	1	NA
49	37	animals,	2	NA
49	38	if	1	NA
49	39	not	1	NA
49	40	the	1	NA
49	41	men,	2	NA
49	42	were	1	NA
49	43	all	1	NA
49	44	essentially	1	NA
49	45	different	1	NA
49	46	from	1	NA
49	47	those	1	NA
49	48	known	1	NA
49	49	in	1	NA
49	50	the	1	NA
49	51	old	1	NA
49	52	world.	2	NA
50	0	American	1	It
50	1	industry	1	It
50	2	may	1	NA
50	3	not	1	NA
50	4	know	1	NA
50	5	it,	2	NA
50	6	but	1	NA
50	7	debate	1	it
50	8	in	1	it
50	9	Congress	1	it
50	10	over	1	it
50	11	reforming	1	it
50	12	the	1	it
50	13	federal	1	it
50	14	government's	2	it
50	15	regulatory	1	it
50	16	apparatus	1	it
50	17	may	1	NA
50	18	profoundly	1	NA
50	19	improve	1	NA
50	20	companies'	2	their.
50	21	ability	1	their.
50	22	to	1	their.
50	23	survive.	2	their.
50	24	This	1	It
50	25	week	1	It
50	26	the	1	it
50	27	Senate	1	it
50	28	seems	1	NA
50	29	poised	1	NA
50	30	to	1	NA
50	31	join	1	NA
50	32	the	1	NA
50	33	House	1	NA
50	34	in	1	NA
50	35	a	1	it.
50	36	massive	1	it.
50	37	overhaul	1	it.
50	38	of	1	it.
50	39	the	1	it.
50	40	way	1	it.
50	41	in	1	it.
50	42	which	1	it.
50	43	bureaucrats	1	it.
50	44	enact	1	it.
50	45	regulations	1	it.
50	46	that	1	it.
50	47	are	1	it.
50	48	strangling	2	it.
50	49	the	1	it.
50	50	life	1	it.
50	51	out	1	it.
50	52	of	1	it.
50	53	companies.	2	it.
51	0	Stress	2	NA
51	1	is	1	NA
51	2	a	1	NA
51	3	risk	1	NA
51	4	factor	1	NA
51	5	for	1	NA
51	6	both	1	NA
51	7	depression	1	NA
51	8	and	1	NA
51	9	anxiety,	2	NA
51	10	he	1	NA
51	11	says.	2	NA
51	12	"We	2	NA
51	13	don't	2	NA
51	14	have	1	NA
51	15	data	1	it
51	16	on	1	it
51	17	the	1	it
51	18	specific	1	it
51	19	causes	1	it
51	20	of	1	it
51	21	depression	1	it
51	22	and	1	it
51	23	anxiety	1	it
51	24	in	1	NA
51	25	this	1	it,
51	26	sample,	2	it,
51	27	but	1	NA
51	28	it	1	NA
51	29	does	1	NA
51	30	make	1	NA
51	31	sense	1	NA
51	32	scientifically	1	NA
51	33	that	1	NA
51	34	the	1	they
51	35	Millennials	1	they
51	36	who	1	they
51	37	report	1	they
51	38	higher	1	they
51	39	levels	1	they
51	40	of	1	they
51	41	stress	1	they
51	42	in	1	they
51	43	their	1	they
51	44	lives	1	they
51	45	are	1	NA
51	46	also	1	NA
51	47	reporting	1	NA
51	48	higher	1	them.
51	49	levels	1	them.
51	50	of	1	them.
51	51	depression	1	them.
51	52	and	1	them.
51	53	anxiety.	2	them.
52	0	When	1	NA
52	1	it	1	NA
52	2	comes	1	NA
52	3	to	1	NA
52	4	having	1	NA
52	5	a	1	it,
52	6	lasting	1	it,
52	7	and	1	it,
52	8	fulfilling	1	it,
52	9	relationship,	2	it,
52	10	common	1	it
52	11	wisdom	1	it
52	12	says	1	NA
52	13	that	1	NA
52	14	feeling	1	NA
52	15	close	1	NA
52	16	to	1	NA
52	17	your	1	them
52	18	romantic	1	them
52	19	partner	1	them
52	20	is	1	NA
52	21	paramount.	2	NA
52	22	But	1	NA
52	23	a	1	it
52	24	new	1	it
52	25	study	1	it
52	26	finds	1	NA
52	27	that	1	NA
52	28	it's	2	NA
52	29	not	1	NA
52	30	how	1	NA
52	31	close	1	NA
52	32	you	1	NA
52	33	feel	1	NA
52	34	that	1	NA
52	35	matters	1	NA
52	36	most,	2	NA
52	37	it's	2	NA
52	38	whether	1	NA
52	39	you	1	NA
52	40	are	1	NA
52	41	as	1	NA
52	42	close	1	NA
52	43	as	1	NA
52	44	you	1	NA
52	45	want	1	NA
52	46	to	1	NA
52	47	be,	2	NA
52	48	even	1	NA
52	49	if	1	NA
52	50	that's	2	NA
52	51	really	1	NA
52	52	not	1	NA
52	53	close	1	NA
52	54	at	1	NA
52	55	all.	2	NA
53	0	At	1	NA
53	1	the	1	it
53	2	time	1	it
53	3	the	1	NA
53	4	French	1	NA
53	5	crown	1	NA
53	6	secured	1	NA
53	7	much	1	NA
53	8	of	1	NA
53	9	its	1	its
53	10	revenue	1	its
53	11	by	1	NA
53	12	issuing	1	NA
53	13	government	1	NA
53	14	bonds.	2	NA
53	15	In	1	NA
53	16	1727,	3	it,
53	17	in	1	NA
53	18	order	1	NA
53	19	to	1	NA
53	20	save	1	NA
53	21	money,	2	it,
53	22	the	1	NA
53	23	state	1	NA
53	24	cut	1	NA
53	25	the	1	its.
53	26	bondsÕ	3	its.
53	27	interest	1	its.
53	28	rate.	2	its.
53	29	The	1	It
53	30	market	1	It
53	31	value	1	It
53	32	of	1	It
53	33	these	1	It
53	34	bonds	1	It
53	35	plummeted,	2	NA
53	36	and	1	NA
53	37	the	1	they
53	38	market	1	they
53	39	became	1	NA
53	40	wary	1	NA
53	41	of	1	NA
53	42	French	1	it.
53	43	credit.	2	it.
53	44	The	1	NA
53	45	French	1	NA
53	46	state	1	NA
53	47	was	1	NA
53	48	left	1	NA
53	49	without	1	NA
53	50	an	1	it.
53	51	easy	1	it.
53	52	way	1	it.
53	53	of	1	it.
53	54	raising	1	it.
53	55	money.	2	it.
54	0	Voltaire	3	NA
54	1	himself	1	NA
54	2	probably	1	NA
54	3	won	1	NA
54	4	around	1	NA
54	5	half	1	NA
54	6	a	1	NA
54	7	million	1	NA
54	8	livres,	3	NA
54	9	a	1	NA
54	10	large	1	NA
54	11	fortune,	2	NA
54	12	which	1	NA
54	13	he	1	NA
54	14	then	1	NA
54	15	made	1	NA
54	16	even	1	NA
54	17	larger	1	NA
54	18	in	1	NA
54	19	a	1	NA
54	20	series	1	NA
54	21	of	1	NA
54	22	canny	2	NA
54	23	investments.	2	NA
54	24	Soon	1	NA
54	25	Voltaire	2	NA
54	26	was	1	NA
54	27	a	1	NA
54	28	very	1	NA
54	29	rich	1	NA
54	30	man,	2	NA
54	31	rich	1	NA
54	32	enough	1	NA
54	33	to	1	NA
54	34	become	1	NA
54	35	a	1	it,
54	36	moneylender	3	it,
54	37	to	1	it,
54	38	the	1	it,
54	39	powerful	1	it,
54	40	and	1	it,
54	41	famous,	2	it,
54	42	rich	1	NA
54	43	enough	1	NA
54	44	that	1	NA
54	45	he	1	NA
54	46	no	1	NA
54	47	longer	1	NA
54	48	had	1	NA
54	49	to	1	NA
54	50	stake	1	NA
54	51	his	1	NA
54	52	financial	1	NA
54	53	well-being	3	NA
54	54	on	1	NA
54	55	that	1	it,
54	56	most	1	it,
54	57	unreliable	1	it,
54	58	and	1	it,
54	59	detestable	3	it,
54	60	profession,	2	it,
54	61	writing.	2	NA
